#
# There is insufficient memory for the Java Runtime Environment to continue.
# Native memory allocation (malloc) failed to allocate 1091040 bytes. Error detail: Chunk::new
# Possible reasons:
#   The system is out of physical RAM or swap space
#   This process is running with CompressedOops enabled, and the Java Heap may be blocking the growth of the native heap
# Possible solutions:
#   Reduce memory load on the system
#   Increase physical memory or swap space
#   Check if swap backing store is full
#   Decrease Java heap size (-Xmx/-Xms)
#   Decrease number of Java threads
#   Decrease Java thread stack sizes (-Xss)
#   Set larger code cache with -XX:ReservedCodeCacheSize=
#   JVM is running with Unscaled Compressed Oops mode in which the Java heap is
#     placed in the first 4GB address space. The Java Heap base address is the
#     maximum limit for the native heap growth. Please use -XX:HeapBaseMinAddress
#     to set the Java Heap base and to place the Java Heap above 4GB virtual address.
# This output file may be truncated or incomplete.
#
#  Out of Memory Error (arena.cpp:168), pid=21028, tid=20528
#
# JRE version: OpenJDK Runtime Environment Temurin-21.0.9+10 (21.0.9+10) (build 21.0.9+10-LTS)
# Java VM: OpenJDK 64-Bit Server VM Temurin-21.0.9+10 (21.0.9+10-LTS, mixed mode, sharing, tiered, compressed oops, compressed class ptrs, g1 gc, windows-amd64)
# No core dump will be written. Minidumps are not enabled by default on client versions of Windows
#

---------------  S U M M A R Y ------------

Command Line: --add-opens=java.base/java.lang=ALL-UNNAMED --add-opens=java.base/java.lang.invoke=ALL-UNNAMED --add-opens=java.base/java.util=ALL-UNNAMED --add-opens=java.prefs/java.util.prefs=ALL-UNNAMED --add-exports=jdk.compiler/com.sun.tools.javac.api=ALL-UNNAMED --add-exports=jdk.compiler/com.sun.tools.javac.util=ALL-UNNAMED --add-opens=java.base/java.util=ALL-UNNAMED --add-opens=java.prefs/java.util.prefs=ALL-UNNAMED --add-opens=java.base/java.nio.charset=ALL-UNNAMED --add-opens=java.base/java.net=ALL-UNNAMED --add-opens=java.base/java.util.concurrent.atomic=ALL-UNNAMED --add-opens=java.xml/javax.xml.namespace=ALL-UNNAMED -Xmx1536m -Dfile.encoding=UTF-8 -Duser.country=US -Duser.language=en -Duser.variant -javaagent:C:\Users\opdli\.gradle\wrapper\dists\gradle-8.14.3-all\10utluxaxniiv4wxiphsi49nj\gradle-8.14.3\lib\agents\gradle-instrumentation-agent-8.14.3.jar org.gradle.launcher.daemon.bootstrap.GradleDaemon 8.14.3

Host: Intel(R) Core(TM) i5-8250U CPU @ 1.60GHz, 8 cores, 15G,  Windows 11 , 64 bit Build 26100 (10.0.26100.7705)
Time: Mon May 11 14:31:19 2026 W. Central Africa Standard Time elapsed time: 5091.704924 seconds (0d 1h 24m 51s)

---------------  T H R E A D  ---------------

Current thread (0x000001f06f7caea0):  JavaThread "C2 CompilerThread1" daemon [_thread_in_native, id=20528, stack(0x000000ed43600000,0x000000ed43700000) (1024K)]


Current CompileTask:
C2:5091705 29479   !   4       com.google.common.reflect.TypeVisitor::visit (225 bytes)

Stack: [0x000000ed43600000,0x000000ed43700000]
Native frames: (J=compiled Java code, j=interpreted, Vv=VM code, C=native code)
V  [jvm.dll+0x6d6e29]
V  [jvm.dll+0x8b4b76]
V  [jvm.dll+0x8b712e]
V  [jvm.dll+0x8b7813]
V  [jvm.dll+0x283d86]
V  [jvm.dll+0xc66ed]
V  [jvm.dll+0xc6c31]
V  [jvm.dll+0x3be53b]
V  [jvm.dll+0x38ab92]
V  [jvm.dll+0x389fda]
V  [jvm.dll+0x24bfa0]
V  [jvm.dll+0x24b580]
V  [jvm.dll+0x1cb13e]
V  [jvm.dll+0x25b29d]
V  [jvm.dll+0x25982a]
V  [jvm.dll+0x3f7ea6]
V  [jvm.dll+0x85e9ad]
V  [jvm.dll+0x6d565d]
C  [ucrtbase.dll+0x37b0]
C  [KERNEL32.DLL+0x2e8d7]
C  [ntdll.dll+0x8c40c]


---------------  P R O C E S S  ---------------

Threads class SMR info:
_java_thread_list=0x000001f069cf9930, length=91, elements={
0x000001f0065f89f0, 0x000001f0228d28c0, 0x000001f0228d4030, 0x000001f0228d7da0,
0x000001f0228d8c80, 0x000001f0228da3f0, 0x000001f0228dffe0, 0x000001f0228ed4d0,
0x000001f0229101e0, 0x000001f022a9e9b0, 0x000001f022ad3f40, 0x000001f068b10970,
0x000001f06981d8e0, 0x000001f0699968c0, 0x000001f0698fad80, 0x000001f0698fb410,
0x000001f0698fa6f0, 0x000001f0698fbaa0, 0x000001f0698fc130, 0x000001f06a1d5750,
0x000001f06a1d5de0, 0x000001f06a1d6470, 0x000001f06a1d50c0, 0x000001f06a1d3680,
0x000001f06a1d7190, 0x000001f06b35d4d0, 0x000001f06b35e880, 0x000001f06b35db60,
0x000001f06c4fcbd0, 0x000001f06ce91cb0, 0x000001f06ce94410, 0x000001f06ce90900,
0x000001f06f097b90, 0x000001f06f098220, 0x000001f06f0988b0, 0x000001f06f098f40,
0x000001f06f095ac0, 0x000001f06f096150, 0x000001f06f09a2f0, 0x000001f06f0995d0,
0x000001f06f099c60, 0x000001f06f096e70, 0x000001f06f09c3c0, 0x000001f06f09b010,
0x000001f06f09de00, 0x000001f06f09e490, 0x000001f06f09ca50, 0x000001f06f09b6a0,
0x000001f06f09eb20, 0x000001f06f09f1b0, 0x000001f06f09bd30, 0x000001f06f0a0560,
0x000001f06f09f840, 0x000001f06f09fed0, 0x000001f06f09d0e0, 0x000001f06f0a4070,
0x000001f06f0a2630, 0x000001f06f0a3350, 0x000001f06f0a2cc0, 0x000001f06f0a0bf0,
0x000001f06dca98d0, 0x000001f06dca6450, 0x000001f06dcaa5f0, 0x000001f06dcab310,
0x000001f06dcab9a0, 0x000001f06dcac030, 0x000001f06dcac6c0, 0x000001f06c583ae0,
0x000001f06c583450, 0x000001f06c584800, 0x000001f06c585520, 0x000001f06c585bb0,
0x000001f06c582730, 0x000001f06c5868d0, 0x000001f06c5820a0, 0x000001f06c586f60,
0x000001f06c5875f0, 0x000001f06c5896c0, 0x000001f06c588310, 0x000001f06c5889a0,
0x000001f06c589030, 0x000001f06f8537c0, 0x000001f06f855890, 0x000001f06f853e50,
0x000001f06f8544e0, 0x000001f06f855200, 0x000001f06f852aa0, 0x000001f06f855f20,
0x000001f06f8565b0, 0x000001f06f853130, 0x000001f06f7caea0
}

Java Threads: ( => current thread )
  0x000001f0065f89f0 JavaThread "main"                              [_thread_blocked, id=13620, stack(0x000000ed3d200000,0x000000ed3d300000) (1024K)]
  0x000001f0228d28c0 JavaThread "Reference Handler"          daemon [_thread_blocked, id=19616, stack(0x000000ed3da00000,0x000000ed3db00000) (1024K)]
  0x000001f0228d4030 JavaThread "Finalizer"                  daemon [_thread_blocked, id=6428, stack(0x000000ed3db00000,0x000000ed3dc00000) (1024K)]
  0x000001f0228d7da0 JavaThread "Signal Dispatcher"          daemon [_thread_blocked, id=6176, stack(0x000000ed3dc00000,0x000000ed3dd00000) (1024K)]
  0x000001f0228d8c80 JavaThread "Attach Listener"            daemon [_thread_blocked, id=4340, stack(0x000000ed3dd00000,0x000000ed3de00000) (1024K)]
  0x000001f0228da3f0 JavaThread "Service Thread"             daemon [_thread_blocked, id=8384, stack(0x000000ed3de00000,0x000000ed3df00000) (1024K)]
  0x000001f0228dffe0 JavaThread "Monitor Deflation Thread"   daemon [_thread_blocked, id=15196, stack(0x000000ed3df00000,0x000000ed3e000000) (1024K)]
  0x000001f0228ed4d0 JavaThread "C2 CompilerThread0"         daemon [_thread_in_native, id=20992, stack(0x000000ed3e000000,0x000000ed3e100000) (1024K)]
  0x000001f0229101e0 JavaThread "C1 CompilerThread0"         daemon [_thread_blocked, id=21324, stack(0x000000ed3e100000,0x000000ed3e200000) (1024K)]
  0x000001f022a9e9b0 JavaThread "Common-Cleaner"             daemon [_thread_blocked, id=20744, stack(0x000000ed3e200000,0x000000ed3e300000) (1024K)]
  0x000001f022ad3f40 JavaThread "Notification Thread"        daemon [_thread_blocked, id=9204, stack(0x000000ed3e300000,0x000000ed3e400000) (1024K)]
  0x000001f068b10970 JavaThread "Daemon health stats"               [_thread_blocked, id=15660, stack(0x000000ed3ec00000,0x000000ed3ed00000) (1024K)]
  0x000001f06981d8e0 JavaThread "Incoming local TCP Connector on port 59338"        [_thread_in_native, id=11708, stack(0x000000ed3e400000,0x000000ed3e500000) (1024K)]
  0x000001f0699968c0 JavaThread "Daemon periodic checks"            [_thread_blocked, id=21280, stack(0x000000ed3ee00000,0x000000ed3ef00000) (1024K)]
  0x000001f0698fad80 JavaThread "Cache worker for journal cache (C:\Users\opdli\.gradle\caches\journal-1)"        [_thread_blocked, id=13520, stack(0x000000ed3f500000,0x000000ed3f600000) (1024K)]
  0x000001f0698fb410 JavaThread "File lock request listener"        [_thread_in_native, id=18884, stack(0x000000ed3f600000,0x000000ed3f700000) (1024K)]
  0x000001f0698fa6f0 JavaThread "Cache worker for file hash cache (C:\Users\opdli\.gradle\caches\8.14.3\fileHashes)"        [_thread_blocked, id=20852, stack(0x000000ed3f700000,0x000000ed3f800000) (1024K)]
  0x000001f0698fbaa0 JavaThread "File watcher server"        daemon [_thread_in_native, id=5476, stack(0x000000ed3fc00000,0x000000ed3fd00000) (1024K)]
  0x000001f0698fc130 JavaThread "File watcher consumer"      daemon [_thread_blocked, id=15492, stack(0x000000ed3fd00000,0x000000ed3fe00000) (1024K)]
  0x000001f06a1d5750 JavaThread "jar transforms"                    [_thread_blocked, id=20768, stack(0x000000ed3ff00000,0x000000ed40000000) (1024K)]
  0x000001f06a1d5de0 JavaThread "jar transforms Thread 2"           [_thread_blocked, id=20916, stack(0x000000ed40000000,0x000000ed40100000) (1024K)]
  0x000001f06a1d6470 JavaThread "Cache worker for file content cache (C:\Users\opdli\.gradle\caches\8.14.3\fileContent)"        [_thread_blocked, id=21156, stack(0x000000ed40200000,0x000000ed40300000) (1024K)]
  0x000001f06a1d50c0 JavaThread "jar transforms Thread 3"           [_thread_blocked, id=20956, stack(0x000000ed40300000,0x000000ed40400000) (1024K)]
  0x000001f06a1d3680 JavaThread "jar transforms Thread 4"           [_thread_blocked, id=19908, stack(0x000000ed40400000,0x000000ed40500000) (1024K)]
  0x000001f06a1d7190 JavaThread "jar transforms Thread 5"           [_thread_blocked, id=16664, stack(0x000000ed40700000,0x000000ed40800000) (1024K)]
  0x000001f06b35d4d0 JavaThread "jar transforms Thread 6"           [_thread_blocked, id=20872, stack(0x000000ed41e00000,0x000000ed41f00000) (1024K)]
  0x000001f06b35e880 JavaThread "jar transforms Thread 7"           [_thread_blocked, id=13512, stack(0x000000ed3fe00000,0x000000ed3ff00000) (1024K)]
  0x000001f06b35db60 JavaThread "jar transforms Thread 8"           [_thread_blocked, id=20504, stack(0x000000ed41f00000,0x000000ed42000000) (1024K)]
  0x000001f06c4fcbd0 JavaThread "Memory manager"                    [_thread_blocked, id=9872, stack(0x000000ed42000000,0x000000ed42100000) (1024K)]
  0x000001f06ce91cb0 JavaThread "RMI Scheduler(0)"           daemon [_thread_blocked, id=9020, stack(0x000000ed3cf00000,0x000000ed3d000000) (1024K)]
  0x000001f06ce94410 JavaThread "RMI TCP Accept-0"           daemon [_thread_in_native, id=3832, stack(0x000000ed47000000,0x000000ed47100000) (1024K)]
  0x000001f06ce90900 JavaThread "Cache worker for Java compile cache (C:\Users\opdli\.gradle\caches\8.14.3\javaCompile)"        [_thread_blocked, id=13580, stack(0x000000ed47400000,0x000000ed47500000) (1024K)]
  0x000001f06f097b90 JavaThread "Daemon Thread 8"                   [_thread_blocked, id=13912, stack(0x000000ed3d000000,0x000000ed3d100000) (1024K)]
  0x000001f06f098220 JavaThread "Handler for socket connection from /127.0.0.1:59338 to /127.0.0.1:54229"        [_thread_in_native, id=16864, stack(0x000000ed3d100000,0x000000ed3d200000) (1024K)]
  0x000001f06f0988b0 JavaThread "Cancel handler"                    [_thread_blocked, id=4620, stack(0x000000ed3ed00000,0x000000ed3ee00000) (1024K)]
  0x000001f06f098f40 JavaThread "Daemon worker Thread 8"            [_thread_in_vm, id=22356, stack(0x000000ed3ef00000,0x000000ed3f000000) (1024K)]
  0x000001f06f095ac0 JavaThread "Asynchronous log dispatcher for DefaultDaemonConnection: socket connection from /127.0.0.1:59338 to /127.0.0.1:54229"        [_thread_blocked, id=18588, stack(0x000000ed3f000000,0x000000ed3f100000) (1024K)]
  0x000001f06f096150 JavaThread "Stdin handler"                     [_thread_blocked, id=16920, stack(0x000000ed3f100000,0x000000ed3f200000) (1024K)]
  0x000001f06f09a2f0 JavaThread "Daemon client event forwarder"        [_thread_in_native, id=9400, stack(0x000000ed3f200000,0x000000ed3f300000) (1024K)]
  0x000001f06f0995d0 JavaThread "Cache worker for file hash cache (C:\propertyark\android\.gradle\8.14.3\fileHashes)"        [_thread_blocked, id=5708, stack(0x000000ed3f300000,0x000000ed3f400000) (1024K)]
  0x000001f06f099c60 JavaThread "Cache worker for Build Output Cleanup Cache (C:\propertyark\android\.gradle\buildOutputCleanup)"        [_thread_blocked, id=20748, stack(0x000000ed3f400000,0x000000ed3f500000) (1024K)]
  0x000001f06f096e70 JavaThread "Cache worker for checksums cache (C:\propertyark\android\.gradle\8.14.3\checksums)"        [_thread_blocked, id=5472, stack(0x000000ed3fb00000,0x000000ed3fc00000) (1024K)]
  0x000001f06f09c3c0 JavaThread "Cache worker for cache directory md-supplier (C:\Users\opdli\.gradle\caches\8.14.3\md-supplier)"        [_thread_blocked, id=22960, stack(0x000000ed3fa00000,0x000000ed3fb00000) (1024K)]
  0x000001f06f09b010 JavaThread "Cache worker for cache directory md-rule (C:\Users\opdli\.gradle\caches\8.14.3\md-rule)"        [_thread_blocked, id=22732, stack(0x000000ed40100000,0x000000ed40200000) (1024K)]
  0x000001f06f09de00 JavaThread "Problems report writer"            [_thread_blocked, id=11652, stack(0x000000ed3f800000,0x000000ed3f900000) (1024K)]
  0x000001f06f09e490 JavaThread "Unconstrained build operations"        [_thread_blocked, id=5280, stack(0x000000ed40500000,0x000000ed40600000) (1024K)]
  0x000001f06f09ca50 JavaThread "Unconstrained build operations Thread 2"        [_thread_blocked, id=23400, stack(0x000000ed40600000,0x000000ed40700000) (1024K)]
  0x000001f06f09b6a0 JavaThread "Unconstrained build operations Thread 3"        [_thread_blocked, id=21824, stack(0x000000ed40800000,0x000000ed40900000) (1024K)]
  0x000001f06f09eb20 JavaThread "Unconstrained build operations Thread 4"        [_thread_blocked, id=2192, stack(0x000000ed40900000,0x000000ed40a00000) (1024K)]
  0x000001f06f09f1b0 JavaThread "Unconstrained build operations Thread 5"        [_thread_blocked, id=21800, stack(0x000000ed40a00000,0x000000ed40b00000) (1024K)]
  0x000001f06f09bd30 JavaThread "Unconstrained build operations Thread 6"        [_thread_blocked, id=23320, stack(0x000000ed40b00000,0x000000ed40c00000) (1024K)]
  0x000001f06f0a0560 JavaThread "Unconstrained build operations Thread 7"        [_thread_blocked, id=21312, stack(0x000000ed40c00000,0x000000ed40d00000) (1024K)]
  0x000001f06f09f840 JavaThread "Unconstrained build operations Thread 8"        [_thread_blocked, id=19596, stack(0x000000ed40d00000,0x000000ed40e00000) (1024K)]
  0x000001f06f09fed0 JavaThread "Unconstrained build operations Thread 9"        [_thread_blocked, id=19748, stack(0x000000ed40e00000,0x000000ed40f00000) (1024K)]
  0x000001f06f09d0e0 JavaThread "Unconstrained build operations Thread 10"        [_thread_blocked, id=12944, stack(0x000000ed40f00000,0x000000ed41000000) (1024K)]
  0x000001f06f0a4070 JavaThread "Unconstrained build operations Thread 11"        [_thread_blocked, id=21408, stack(0x000000ed41000000,0x000000ed41100000) (1024K)]
  0x000001f06f0a2630 JavaThread "Unconstrained build operations Thread 12"        [_thread_blocked, id=4444, stack(0x000000ed41100000,0x000000ed41200000) (1024K)]
  0x000001f06f0a3350 JavaThread "Unconstrained build operations Thread 13"        [_thread_blocked, id=22516, stack(0x000000ed41200000,0x000000ed41300000) (1024K)]
  0x000001f06f0a2cc0 JavaThread "Unconstrained build operations Thread 14"        [_thread_blocked, id=7208, stack(0x000000ed41300000,0x000000ed41400000) (1024K)]
  0x000001f06f0a0bf0 JavaThread "build event listener"              [_thread_blocked, id=22408, stack(0x000000ed41400000,0x000000ed41500000) (1024K)]
  0x000001f06dca98d0 JavaThread "Unconstrained build operations Thread 15"        [_thread_blocked, id=20324, stack(0x000000ed41500000,0x000000ed41600000) (1024K)]
  0x000001f06dca6450 JavaThread "Unconstrained build operations Thread 16"        [_thread_blocked, id=18872, stack(0x000000ed41600000,0x000000ed41700000) (1024K)]
  0x000001f06dcaa5f0 JavaThread "Unconstrained build operations Thread 17"        [_thread_blocked, id=22940, stack(0x000000ed41700000,0x000000ed41800000) (1024K)]
  0x000001f06dcab310 JavaThread "Unconstrained build operations Thread 18"        [_thread_blocked, id=16820, stack(0x000000ed41800000,0x000000ed41900000) (1024K)]
  0x000001f06dcab9a0 JavaThread "Unconstrained build operations Thread 19"        [_thread_blocked, id=816, stack(0x000000ed41900000,0x000000ed41a00000) (1024K)]
  0x000001f06dcac030 JavaThread "Unconstrained build operations Thread 20"        [_thread_blocked, id=5680, stack(0x000000ed41a00000,0x000000ed41b00000) (1024K)]
  0x000001f06dcac6c0 JavaThread "Unconstrained build operations Thread 21"        [_thread_blocked, id=16440, stack(0x000000ed41b00000,0x000000ed41c00000) (1024K)]
  0x000001f06c583ae0 JavaThread "Unconstrained build operations Thread 22"        [_thread_blocked, id=4352, stack(0x000000ed41c00000,0x000000ed41d00000) (1024K)]
  0x000001f06c583450 JavaThread "Unconstrained build operations Thread 23"        [_thread_blocked, id=23476, stack(0x000000ed41d00000,0x000000ed41e00000) (1024K)]
  0x000001f06c584800 JavaThread "Unconstrained build operations Thread 24"        [_thread_blocked, id=9468, stack(0x000000ed42100000,0x000000ed42200000) (1024K)]
  0x000001f06c585520 JavaThread "Unconstrained build operations Thread 25"        [_thread_blocked, id=23032, stack(0x000000ed42200000,0x000000ed42300000) (1024K)]
  0x000001f06c585bb0 JavaThread "Unconstrained build operations Thread 26"        [_thread_blocked, id=18380, stack(0x000000ed42300000,0x000000ed42400000) (1024K)]
  0x000001f06c582730 JavaThread "Unconstrained build operations Thread 27"        [_thread_blocked, id=3624, stack(0x000000ed42400000,0x000000ed42500000) (1024K)]
  0x000001f06c5868d0 JavaThread "Unconstrained build operations Thread 28"        [_thread_blocked, id=10056, stack(0x000000ed42500000,0x000000ed42600000) (1024K)]
  0x000001f06c5820a0 JavaThread "Unconstrained build operations Thread 29"        [_thread_blocked, id=18984, stack(0x000000ed42600000,0x000000ed42700000) (1024K)]
  0x000001f06c586f60 JavaThread "Unconstrained build operations Thread 30"        [_thread_blocked, id=12196, stack(0x000000ed42700000,0x000000ed42800000) (1024K)]
  0x000001f06c5875f0 JavaThread "Unconstrained build operations Thread 31"        [_thread_blocked, id=23200, stack(0x000000ed42800000,0x000000ed42900000) (1024K)]
  0x000001f06c5896c0 JavaThread "Unconstrained build operations Thread 32"        [_thread_blocked, id=15500, stack(0x000000ed42900000,0x000000ed42a00000) (1024K)]
  0x000001f06c588310 JavaThread "Unconstrained build operations Thread 33"        [_thread_blocked, id=6000, stack(0x000000ed42a00000,0x000000ed42b00000) (1024K)]
  0x000001f06c5889a0 JavaThread "Unconstrained build operations Thread 34"        [_thread_blocked, id=4840, stack(0x000000ed42b00000,0x000000ed42c00000) (1024K)]
  0x000001f06c589030 JavaThread "Unconstrained build operations Thread 35"        [_thread_blocked, id=22768, stack(0x000000ed42c00000,0x000000ed42d00000) (1024K)]
  0x000001f06f8537c0 JavaThread "included builds"                   [_thread_blocked, id=15072, stack(0x000000ed42d00000,0x000000ed42e00000) (1024K)]
  0x000001f06f855890 JavaThread "Execution worker"                  [_thread_blocked, id=21656, stack(0x000000ed42e00000,0x000000ed42f00000) (1024K)]
  0x000001f06f853e50 JavaThread "Execution worker Thread 2"         [_thread_blocked, id=18812, stack(0x000000ed42f00000,0x000000ed43000000) (1024K)]
  0x000001f06f8544e0 JavaThread "Execution worker Thread 3"         [_thread_blocked, id=18036, stack(0x000000ed43000000,0x000000ed43100000) (1024K)]
  0x000001f06f855200 JavaThread "Execution worker Thread 4"         [_thread_blocked, id=17908, stack(0x000000ed43100000,0x000000ed43200000) (1024K)]
  0x000001f06f852aa0 JavaThread "Execution worker Thread 5"         [_thread_blocked, id=23416, stack(0x000000ed43200000,0x000000ed43300000) (1024K)]
  0x000001f06f855f20 JavaThread "Execution worker Thread 6"         [_thread_blocked, id=18084, stack(0x000000ed43300000,0x000000ed43400000) (1024K)]
  0x000001f06f8565b0 JavaThread "Execution worker Thread 7"         [_thread_blocked, id=16816, stack(0x000000ed43400000,0x000000ed43500000) (1024K)]
  0x000001f06f853130 JavaThread "Cache worker for execution history cache (C:\propertyark\android\.gradle\8.14.3\executionHistory)"        [_thread_blocked, id=7284, stack(0x000000ed43500000,0x000000ed43600000) (1024K)]
=>0x000001f06f7caea0 JavaThread "C2 CompilerThread1"         daemon [_thread_in_native, id=20528, stack(0x000000ed43600000,0x000000ed43700000) (1024K)]
Total: 91

Other Threads:
  0x000001f0228b30a0 VMThread "VM Thread"                           [id=6108, stack(0x000000ed3d900000,0x000000ed3da00000) (1024K)]
  0x000001f0228a4020 WatcherThread "VM Periodic Task Thread"        [id=8624, stack(0x000000ed3d800000,0x000000ed3d900000) (1024K)]
  0x000001f0043cdc10 WorkerThread "GC Thread#0"                     [id=14316, stack(0x000000ed3d300000,0x000000ed3d400000) (1024K)]
  0x000001f022c46f10 WorkerThread "GC Thread#1"                     [id=21116, stack(0x000000ed3e600000,0x000000ed3e700000) (1024K)]
  0x000001f022c472b0 WorkerThread "GC Thread#2"                     [id=3244, stack(0x000000ed3e700000,0x000000ed3e800000) (1024K)]
  0x000001f0680e7000 WorkerThread "GC Thread#3"                     [id=20452, stack(0x000000ed3e800000,0x000000ed3e900000) (1024K)]
  0x000001f0680e73a0 WorkerThread "GC Thread#4"                     [id=576, stack(0x000000ed3e900000,0x000000ed3ea00000) (1024K)]
  0x000001f0680e7740 WorkerThread "GC Thread#5"                     [id=20556, stack(0x000000ed3ea00000,0x000000ed3eb00000) (1024K)]
  0x000001f0697cec20 WorkerThread "GC Thread#6"                     [id=19440, stack(0x000000ed3e500000,0x000000ed3e600000) (1024K)]
  0x000001f0697945c0 WorkerThread "GC Thread#7"                     [id=20844, stack(0x000000ed3eb00000,0x000000ed3ec00000) (1024K)]
  0x000001f00664a880 ConcurrentGCThread "G1 Main Marker"            [id=14376, stack(0x000000ed3d400000,0x000000ed3d500000) (1024K)]
  0x000001f00664b930 WorkerThread "G1 Conc#0"                       [id=21500, stack(0x000000ed3d500000,0x000000ed3d600000) (1024K)]
  0x000001f06b825940 WorkerThread "G1 Conc#1"                       [id=19140, stack(0x000000ed3f900000,0x000000ed3fa00000) (1024K)]
  0x000001f022770a70 ConcurrentGCThread "G1 Refine#0"               [id=11812, stack(0x000000ed3d600000,0x000000ed3d700000) (1024K)]
  0x000001f0227723a0 ConcurrentGCThread "G1 Service"                [id=16700, stack(0x000000ed3d700000,0x000000ed3d800000) (1024K)]
Total: 15

Threads with active compile tasks:
C2 CompilerThread0  5091803 29507       4       org.gradle.api.internal.tasks.properties.DefaultPropertyTypeResolver::resolveAnnotationType (74 bytes)
C2 CompilerThread1  5091803 29479   !   4       com.google.common.reflect.TypeVisitor::visit (225 bytes)
Total: 2

VM state: not at safepoint (normal execution)

VM Mutex/Monitor currently owned by a thread: None

Heap address: 0x00000000a0000000, size: 1536 MB, Compressed Oops mode: 32-bit

CDS archive(s) mapped at: [0x000001f023000000-0x000001f023c80000-0x000001f023c80000), size 13107200, SharedBaseAddress: 0x000001f023000000, ArchiveRelocationMode: 1.
Compressed class space mapped at: 0x000001f024000000-0x000001f064000000, reserved size: 1073741824
Narrow klass base: 0x000001f023000000, Narrow klass shift: 0, Narrow klass range: 0x100000000

GC Precious Log:
 CardTable entry size: 512
 Card Set container configuration: InlinePtr #cards 5 size 8 Array Of Cards #cards 12 size 40 Howl #buckets 4 coarsen threshold 1843 Howl Bitmap #cards 512 size 80 coarsen threshold 460 Card regions per heap region 1 cards per card region 2048
 CPUs: 8 total, 8 available
 Memory: 16242M
 Large Page Support: Disabled
 NUMA Support: Disabled
 Compressed Oops: Enabled (32-bit)
 Heap Region Size: 1M
 Heap Min Capacity: 8M
 Heap Initial Capacity: 254M
 Heap Max Capacity: 1536M
 Pre-touch: Disabled
 Parallel Workers: 8
 Concurrent Workers: 2
 Concurrent Refinement Workers: 8
 Periodic GC: Disabled

Heap:
 garbage-first heap   total 757760K, used 282755K [0x00000000a0000000, 0x0000000100000000)
  region size 1024K, 70 young (71680K), 11 survivors (11264K)
 Metaspace       used 147413K, committed 149504K, reserved 1179648K
  class space    used 20033K, committed 21376K, reserved 1048576K

Heap Regions: E=young(eden), S=young(survivor), O=old, HS=humongous(starts), HC=humongous(continues), CS=collection set, F=free, TAMS=top-at-mark-start, PB=parsable bottom
|   0|0x00000000a0000000, 0x00000000a0100000, 0x00000000a0100000|100%|HS|  |TAMS 0x00000000a0000000| PB 0x00000000a0000000| Complete 
|   1|0x00000000a0100000, 0x00000000a0200000, 0x00000000a0200000|100%|HC|  |TAMS 0x00000000a0100000| PB 0x00000000a0100000| Complete 
|   2|0x00000000a0200000, 0x00000000a0300000, 0x00000000a0300000|100%|HC|  |TAMS 0x00000000a0200000| PB 0x00000000a0200000| Complete 
|   3|0x00000000a0300000, 0x00000000a0400000, 0x00000000a0400000|100%| O|  |TAMS 0x00000000a0300000| PB 0x00000000a0300000| Untracked 
|   4|0x00000000a0400000, 0x00000000a0500000, 0x00000000a0500000|100%| O|  |TAMS 0x00000000a0400000| PB 0x00000000a0400000| Untracked 
|   5|0x00000000a0500000, 0x00000000a0600000, 0x00000000a0600000|100%| O|  |TAMS 0x00000000a0500000| PB 0x00000000a0500000| Untracked 
|   6|0x00000000a0600000, 0x00000000a0700000, 0x00000000a0700000|100%|HS|  |TAMS 0x00000000a0600000| PB 0x00000000a0600000| Complete 
|   7|0x00000000a0700000, 0x00000000a0800000, 0x00000000a0800000|100%| O|  |TAMS 0x00000000a0700000| PB 0x00000000a0700000| Untracked 
|   8|0x00000000a0800000, 0x00000000a0900000, 0x00000000a0900000|100%| O|  |TAMS 0x00000000a0800000| PB 0x00000000a0800000| Untracked 
|   9|0x00000000a0900000, 0x00000000a0a00000, 0x00000000a0a00000|100%| O|  |TAMS 0x00000000a0900000| PB 0x00000000a0900000| Untracked 
|  10|0x00000000a0a00000, 0x00000000a0b00000, 0x00000000a0b00000|100%| O|  |TAMS 0x00000000a0a00000| PB 0x00000000a0a00000| Untracked 
|  11|0x00000000a0b00000, 0x00000000a0c00000, 0x00000000a0c00000|100%| O|  |TAMS 0x00000000a0b00000| PB 0x00000000a0b00000| Untracked 
|  12|0x00000000a0c00000, 0x00000000a0d00000, 0x00000000a0d00000|100%| O|  |TAMS 0x00000000a0c00000| PB 0x00000000a0c00000| Untracked 
|  13|0x00000000a0d00000, 0x00000000a0e00000, 0x00000000a0e00000|100%| O|  |TAMS 0x00000000a0d00000| PB 0x00000000a0d00000| Untracked 
|  14|0x00000000a0e00000, 0x00000000a0f00000, 0x00000000a0f00000|100%| O|  |TAMS 0x00000000a0e00000| PB 0x00000000a0e00000| Untracked 
|  15|0x00000000a0f00000, 0x00000000a1000000, 0x00000000a1000000|100%| O|  |TAMS 0x00000000a0f00000| PB 0x00000000a0f00000| Untracked 
|  16|0x00000000a1000000, 0x00000000a1100000, 0x00000000a1100000|100%| O|  |TAMS 0x00000000a1000000| PB 0x00000000a1000000| Untracked 
|  17|0x00000000a1100000, 0x00000000a1200000, 0x00000000a1200000|100%| O|  |TAMS 0x00000000a1100000| PB 0x00000000a1100000| Untracked 
|  18|0x00000000a1200000, 0x00000000a1300000, 0x00000000a1300000|100%| O|  |TAMS 0x00000000a1200000| PB 0x00000000a1200000| Untracked 
|  19|0x00000000a1300000, 0x00000000a1400000, 0x00000000a1400000|100%| O|  |TAMS 0x00000000a1300000| PB 0x00000000a1300000| Untracked 
|  20|0x00000000a1400000, 0x00000000a1500000, 0x00000000a1500000|100%| O|  |TAMS 0x00000000a1400000| PB 0x00000000a1400000| Untracked 
|  21|0x00000000a1500000, 0x00000000a1600000, 0x00000000a1600000|100%| O|  |TAMS 0x00000000a1500000| PB 0x00000000a1500000| Untracked 
|  22|0x00000000a1600000, 0x00000000a1700000, 0x00000000a1700000|100%| O|  |TAMS 0x00000000a1600000| PB 0x00000000a1600000| Untracked 
|  23|0x00000000a1700000, 0x00000000a1800000, 0x00000000a1800000|100%| O|  |TAMS 0x00000000a1700000| PB 0x00000000a1700000| Untracked 
|  24|0x00000000a1800000, 0x00000000a1900000, 0x00000000a1900000|100%| O|  |TAMS 0x00000000a1800000| PB 0x00000000a1800000| Untracked 
|  25|0x00000000a1900000, 0x00000000a1a00000, 0x00000000a1a00000|100%| O|  |TAMS 0x00000000a1900000| PB 0x00000000a1900000| Untracked 
|  26|0x00000000a1a00000, 0x00000000a1b00000, 0x00000000a1b00000|100%| O|  |TAMS 0x00000000a1a00000| PB 0x00000000a1a00000| Untracked 
|  27|0x00000000a1b00000, 0x00000000a1c00000, 0x00000000a1c00000|100%| O|  |TAMS 0x00000000a1b00000| PB 0x00000000a1b00000| Untracked 
|  28|0x00000000a1c00000, 0x00000000a1d00000, 0x00000000a1d00000|100%| O|  |TAMS 0x00000000a1c00000| PB 0x00000000a1c00000| Untracked 
|  29|0x00000000a1d00000, 0x00000000a1e00000, 0x00000000a1e00000|100%| O|  |TAMS 0x00000000a1d00000| PB 0x00000000a1d00000| Untracked 
|  30|0x00000000a1e00000, 0x00000000a1f00000, 0x00000000a1f00000|100%| O|  |TAMS 0x00000000a1e00000| PB 0x00000000a1e00000| Untracked 
|  31|0x00000000a1f00000, 0x00000000a2000000, 0x00000000a2000000|100%| O|  |TAMS 0x00000000a1f00000| PB 0x00000000a1f00000| Untracked 
|  32|0x00000000a2000000, 0x00000000a2100000, 0x00000000a2100000|100%| O|  |TAMS 0x00000000a2000000| PB 0x00000000a2000000| Untracked 
|  33|0x00000000a2100000, 0x00000000a2200000, 0x00000000a2200000|100%| O|  |TAMS 0x00000000a2100000| PB 0x00000000a2100000| Untracked 
|  34|0x00000000a2200000, 0x00000000a2300000, 0x00000000a2300000|100%| O|  |TAMS 0x00000000a2200000| PB 0x00000000a2200000| Untracked 
|  35|0x00000000a2300000, 0x00000000a2400000, 0x00000000a2400000|100%|HS|  |TAMS 0x00000000a2300000| PB 0x00000000a2300000| Complete 
|  36|0x00000000a2400000, 0x00000000a2500000, 0x00000000a2500000|100%| O|  |TAMS 0x00000000a2400000| PB 0x00000000a2400000| Untracked 
|  37|0x00000000a2500000, 0x00000000a2600000, 0x00000000a2600000|100%| O|  |TAMS 0x00000000a2500000| PB 0x00000000a2500000| Untracked 
|  38|0x00000000a2600000, 0x00000000a2700000, 0x00000000a2700000|100%| O|  |TAMS 0x00000000a2600000| PB 0x00000000a2600000| Untracked 
|  39|0x00000000a2700000, 0x00000000a2800000, 0x00000000a2800000|100%| O|  |TAMS 0x00000000a2700000| PB 0x00000000a2700000| Untracked 
|  40|0x00000000a2800000, 0x00000000a2900000, 0x00000000a2900000|100%| O|  |TAMS 0x00000000a2800000| PB 0x00000000a2800000| Untracked 
|  41|0x00000000a2900000, 0x00000000a2a00000, 0x00000000a2a00000|100%|HS|  |TAMS 0x00000000a2900000| PB 0x00000000a2900000| Complete 
|  42|0x00000000a2a00000, 0x00000000a2b00000, 0x00000000a2b00000|100%| O|  |TAMS 0x00000000a2a00000| PB 0x00000000a2a00000| Untracked 
|  43|0x00000000a2b00000, 0x00000000a2c00000, 0x00000000a2c00000|100%| O|  |TAMS 0x00000000a2b00000| PB 0x00000000a2b00000| Untracked 
|  44|0x00000000a2c00000, 0x00000000a2d00000, 0x00000000a2d00000|100%| O|  |TAMS 0x00000000a2c00000| PB 0x00000000a2c00000| Untracked 
|  45|0x00000000a2d00000, 0x00000000a2e00000, 0x00000000a2e00000|100%| O|  |TAMS 0x00000000a2d00000| PB 0x00000000a2d00000| Untracked 
|  46|0x00000000a2e00000, 0x00000000a2f00000, 0x00000000a2f00000|100%| O|  |TAMS 0x00000000a2e00000| PB 0x00000000a2e00000| Untracked 
|  47|0x00000000a2f00000, 0x00000000a3000000, 0x00000000a3000000|100%| O|  |TAMS 0x00000000a2f00000| PB 0x00000000a2f00000| Untracked 
|  48|0x00000000a3000000, 0x00000000a3100000, 0x00000000a3100000|100%|HS|  |TAMS 0x00000000a3000000| PB 0x00000000a3000000| Complete 
|  49|0x00000000a3100000, 0x00000000a3200000, 0x00000000a3200000|100%| O|  |TAMS 0x00000000a3100000| PB 0x00000000a3100000| Untracked 
|  50|0x00000000a3200000, 0x00000000a3300000, 0x00000000a3300000|100%| O|  |TAMS 0x00000000a3200000| PB 0x00000000a3200000| Untracked 
|  51|0x00000000a3300000, 0x00000000a3400000, 0x00000000a3400000|100%| O|  |TAMS 0x00000000a3300000| PB 0x00000000a3300000| Untracked 
|  52|0x00000000a3400000, 0x00000000a3500000, 0x00000000a3500000|100%|HS|  |TAMS 0x00000000a3400000| PB 0x00000000a3400000| Complete 
|  53|0x00000000a3500000, 0x00000000a3600000, 0x00000000a3600000|100%|HC|  |TAMS 0x00000000a3500000| PB 0x00000000a3500000| Complete 
|  54|0x00000000a3600000, 0x00000000a3700000, 0x00000000a3700000|100%|HS|  |TAMS 0x00000000a3600000| PB 0x00000000a3600000| Complete 
|  55|0x00000000a3700000, 0x00000000a3800000, 0x00000000a3800000|100%|HS|  |TAMS 0x00000000a3700000| PB 0x00000000a3700000| Complete 
|  56|0x00000000a3800000, 0x00000000a3900000, 0x00000000a3900000|100%|HS|  |TAMS 0x00000000a3800000| PB 0x00000000a3800000| Complete 
|  57|0x00000000a3900000, 0x00000000a3a00000, 0x00000000a3a00000|100%| O|  |TAMS 0x00000000a3900000| PB 0x00000000a3900000| Untracked 
|  58|0x00000000a3a00000, 0x00000000a3b00000, 0x00000000a3b00000|100%| O|  |TAMS 0x00000000a3a00000| PB 0x00000000a3a00000| Untracked 
|  59|0x00000000a3b00000, 0x00000000a3c00000, 0x00000000a3c00000|100%|HS|  |TAMS 0x00000000a3b00000| PB 0x00000000a3b00000| Complete 
|  60|0x00000000a3c00000, 0x00000000a3d00000, 0x00000000a3d00000|100%|HC|  |TAMS 0x00000000a3c00000| PB 0x00000000a3c00000| Complete 
|  61|0x00000000a3d00000, 0x00000000a3e00000, 0x00000000a3e00000|100%|HC|  |TAMS 0x00000000a3d00000| PB 0x00000000a3d00000| Complete 
|  62|0x00000000a3e00000, 0x00000000a3f00000, 0x00000000a3f00000|100%|HC|  |TAMS 0x00000000a3e00000| PB 0x00000000a3e00000| Complete 
|  63|0x00000000a3f00000, 0x00000000a4000000, 0x00000000a4000000|100%| O|  |TAMS 0x00000000a3f00000| PB 0x00000000a3f00000| Untracked 
|  64|0x00000000a4000000, 0x00000000a4100000, 0x00000000a4100000|100%| O|  |TAMS 0x00000000a4000000| PB 0x00000000a4000000| Untracked 
|  65|0x00000000a4100000, 0x00000000a4200000, 0x00000000a4200000|100%| O|  |TAMS 0x00000000a4100000| PB 0x00000000a4100000| Untracked 
|  66|0x00000000a4200000, 0x00000000a4300000, 0x00000000a4300000|100%|HS|  |TAMS 0x00000000a4200000| PB 0x00000000a4200000| Complete 
|  67|0x00000000a4300000, 0x00000000a4400000, 0x00000000a4400000|100%| O|Cm|TAMS 0x00000000a4300000| PB 0x00000000a4300000| Complete 
|  68|0x00000000a4400000, 0x00000000a4500000, 0x00000000a4500000|100%|HS|  |TAMS 0x00000000a4400000| PB 0x00000000a4400000| Complete 
|  69|0x00000000a4500000, 0x00000000a4600000, 0x00000000a4600000|100%|HC|  |TAMS 0x00000000a4500000| PB 0x00000000a4500000| Complete 
|  70|0x00000000a4600000, 0x00000000a4700000, 0x00000000a4700000|100%| O|  |TAMS 0x00000000a4600000| PB 0x00000000a4600000| Untracked 
|  71|0x00000000a4700000, 0x00000000a4800000, 0x00000000a4800000|100%| O|  |TAMS 0x00000000a4700000| PB 0x00000000a4700000| Untracked 
|  72|0x00000000a4800000, 0x00000000a4900000, 0x00000000a4900000|100%| O|  |TAMS 0x00000000a4800000| PB 0x00000000a4800000| Untracked 
|  73|0x00000000a4900000, 0x00000000a4a00000, 0x00000000a4a00000|100%| O|Cm|TAMS 0x00000000a4900000| PB 0x00000000a4900000| Complete 
|  74|0x00000000a4a00000, 0x00000000a4b00000, 0x00000000a4b00000|100%| O|  |TAMS 0x00000000a4a00000| PB 0x00000000a4a00000| Untracked 
|  75|0x00000000a4b00000, 0x00000000a4c00000, 0x00000000a4c00000|100%| O|  |TAMS 0x00000000a4b00000| PB 0x00000000a4b00000| Untracked 
|  76|0x00000000a4c00000, 0x00000000a4d00000, 0x00000000a4d00000|100%| O|  |TAMS 0x00000000a4c00000| PB 0x00000000a4c00000| Untracked 
|  77|0x00000000a4d00000, 0x00000000a4e00000, 0x00000000a4e00000|100%| O|  |TAMS 0x00000000a4d00000| PB 0x00000000a4d00000| Untracked 
|  78|0x00000000a4e00000, 0x00000000a4f00000, 0x00000000a4f00000|100%| O|Cm|TAMS 0x00000000a4e00000| PB 0x00000000a4e00000| Complete 
|  79|0x00000000a4f00000, 0x00000000a5000000, 0x00000000a5000000|100%| O|  |TAMS 0x00000000a4f00000| PB 0x00000000a4f00000| Untracked 
|  80|0x00000000a5000000, 0x00000000a5100000, 0x00000000a5100000|100%|HS|  |TAMS 0x00000000a5000000| PB 0x00000000a5000000| Complete 
|  81|0x00000000a5100000, 0x00000000a5200000, 0x00000000a5200000|100%|HC|  |TAMS 0x00000000a5100000| PB 0x00000000a5100000| Complete 
|  82|0x00000000a5200000, 0x00000000a5300000, 0x00000000a5300000|100%|HC|  |TAMS 0x00000000a5200000| PB 0x00000000a5200000| Complete 
|  83|0x00000000a5300000, 0x00000000a5400000, 0x00000000a5400000|100%|HC|  |TAMS 0x00000000a5300000| PB 0x00000000a5300000| Complete 
|  84|0x00000000a5400000, 0x00000000a5500000, 0x00000000a5500000|100%| O|  |TAMS 0x00000000a5400000| PB 0x00000000a5400000| Untracked 
|  85|0x00000000a5500000, 0x00000000a5600000, 0x00000000a5600000|100%| O|  |TAMS 0x00000000a5500000| PB 0x00000000a5500000| Untracked 
|  86|0x00000000a5600000, 0x00000000a5700000, 0x00000000a5700000|100%| O|  |TAMS 0x00000000a5600000| PB 0x00000000a5600000| Untracked 
|  87|0x00000000a5700000, 0x00000000a5800000, 0x00000000a5800000|100%| O|  |TAMS 0x00000000a5700000| PB 0x00000000a5700000| Untracked 
|  88|0x00000000a5800000, 0x00000000a5900000, 0x00000000a5900000|100%| O|  |TAMS 0x00000000a5800000| PB 0x00000000a5800000| Untracked 
|  89|0x00000000a5900000, 0x00000000a5a00000, 0x00000000a5a00000|100%| O|Cm|TAMS 0x00000000a5900000| PB 0x00000000a5900000| Complete 
|  90|0x00000000a5a00000, 0x00000000a5b00000, 0x00000000a5b00000|100%| O|Cm|TAMS 0x00000000a5a00000| PB 0x00000000a5a00000| Complete 
|  91|0x00000000a5b00000, 0x00000000a5c00000, 0x00000000a5c00000|100%| O|Cm|TAMS 0x00000000a5b00000| PB 0x00000000a5b00000| Complete 
|  92|0x00000000a5c00000, 0x00000000a5d00000, 0x00000000a5d00000|100%| O|  |TAMS 0x00000000a5c00000| PB 0x00000000a5c00000| Untracked 
|  93|0x00000000a5d00000, 0x00000000a5e00000, 0x00000000a5e00000|100%| O|Cm|TAMS 0x00000000a5d00000| PB 0x00000000a5d00000| Complete 
|  94|0x00000000a5e00000, 0x00000000a5f00000, 0x00000000a5f00000|100%| O|  |TAMS 0x00000000a5e00000| PB 0x00000000a5e00000| Untracked 
|  95|0x00000000a5f00000, 0x00000000a6000000, 0x00000000a6000000|100%| O|  |TAMS 0x00000000a5f00000| PB 0x00000000a5f00000| Untracked 
|  96|0x00000000a6000000, 0x00000000a6000000, 0x00000000a6100000|  0%| F|  |TAMS 0x00000000a6000000| PB 0x00000000a6000000| Untracked 
|  97|0x00000000a6100000, 0x00000000a6200000, 0x00000000a6200000|100%| O|  |TAMS 0x00000000a6100000| PB 0x00000000a6100000| Untracked 
|  98|0x00000000a6200000, 0x00000000a6300000, 0x00000000a6300000|100%| O|  |TAMS 0x00000000a6200000| PB 0x00000000a6200000| Untracked 
|  99|0x00000000a6300000, 0x00000000a6400000, 0x00000000a6400000|100%| O|  |TAMS 0x00000000a6300000| PB 0x00000000a6300000| Untracked 
| 100|0x00000000a6400000, 0x00000000a6500000, 0x00000000a6500000|100%| O|Cm|TAMS 0x00000000a6400000| PB 0x00000000a6400000| Complete 
| 101|0x00000000a6500000, 0x00000000a6600000, 0x00000000a6600000|100%| O|  |TAMS 0x00000000a6500000| PB 0x00000000a6500000| Untracked 
| 102|0x00000000a6600000, 0x00000000a6700000, 0x00000000a6700000|100%| O|Cm|TAMS 0x00000000a6600000| PB 0x00000000a6600000| Complete 
| 103|0x00000000a6700000, 0x00000000a6700000, 0x00000000a6800000|  0%| F|  |TAMS 0x00000000a6700000| PB 0x00000000a6700000| Untracked 
| 104|0x00000000a6800000, 0x00000000a6900000, 0x00000000a6900000|100%| O|  |TAMS 0x00000000a6800000| PB 0x00000000a6800000| Untracked 
| 105|0x00000000a6900000, 0x00000000a6a00000, 0x00000000a6a00000|100%| O|  |TAMS 0x00000000a6900000| PB 0x00000000a6900000| Untracked 
| 106|0x00000000a6a00000, 0x00000000a6b00000, 0x00000000a6b00000|100%| O|  |TAMS 0x00000000a6a00000| PB 0x00000000a6a00000| Untracked 
| 107|0x00000000a6b00000, 0x00000000a6c00000, 0x00000000a6c00000|100%| O|  |TAMS 0x00000000a6b00000| PB 0x00000000a6b00000| Untracked 
| 108|0x00000000a6c00000, 0x00000000a6d00000, 0x00000000a6d00000|100%| O|Cm|TAMS 0x00000000a6c00000| PB 0x00000000a6c00000| Complete 
| 109|0x00000000a6d00000, 0x00000000a6e00000, 0x00000000a6e00000|100%| O|  |TAMS 0x00000000a6d00000| PB 0x00000000a6d00000| Untracked 
| 110|0x00000000a6e00000, 0x00000000a6f00000, 0x00000000a6f00000|100%| O|  |TAMS 0x00000000a6e00000| PB 0x00000000a6e00000| Untracked 
| 111|0x00000000a6f00000, 0x00000000a7000000, 0x00000000a7000000|100%| O|  |TAMS 0x00000000a6f00000| PB 0x00000000a6f00000| Untracked 
| 112|0x00000000a7000000, 0x00000000a7100000, 0x00000000a7100000|100%| O|  |TAMS 0x00000000a7000000| PB 0x00000000a7000000| Untracked 
| 113|0x00000000a7100000, 0x00000000a7200000, 0x00000000a7200000|100%| O|  |TAMS 0x00000000a7100000| PB 0x00000000a7100000| Untracked 
| 114|0x00000000a7200000, 0x00000000a7300000, 0x00000000a7300000|100%| O|  |TAMS 0x00000000a7200000| PB 0x00000000a7200000| Untracked 
| 115|0x00000000a7300000, 0x00000000a7400000, 0x00000000a7400000|100%| O|  |TAMS 0x00000000a7300000| PB 0x00000000a7300000| Untracked 
| 116|0x00000000a7400000, 0x00000000a7500000, 0x00000000a7500000|100%| O|  |TAMS 0x00000000a7400000| PB 0x00000000a7400000| Untracked 
| 117|0x00000000a7500000, 0x00000000a7600000, 0x00000000a7600000|100%| O|  |TAMS 0x00000000a7500000| PB 0x00000000a7500000| Untracked 
| 118|0x00000000a7600000, 0x00000000a7700000, 0x00000000a7700000|100%| O|  |TAMS 0x00000000a7600000| PB 0x00000000a7600000| Untracked 
| 119|0x00000000a7700000, 0x00000000a7800000, 0x00000000a7800000|100%| O|Cm|TAMS 0x00000000a7700000| PB 0x00000000a7700000| Complete 
| 120|0x00000000a7800000, 0x00000000a7900000, 0x00000000a7900000|100%| O|Cm|TAMS 0x00000000a7800000| PB 0x00000000a7800000| Complete 
| 121|0x00000000a7900000, 0x00000000a7a00000, 0x00000000a7a00000|100%| O|Cm|TAMS 0x00000000a7900000| PB 0x00000000a7900000| Complete 
| 122|0x00000000a7a00000, 0x00000000a7b00000, 0x00000000a7b00000|100%| O|  |TAMS 0x00000000a7a00000| PB 0x00000000a7a00000| Untracked 
| 123|0x00000000a7b00000, 0x00000000a7c00000, 0x00000000a7c00000|100%| O|  |TAMS 0x00000000a7b00000| PB 0x00000000a7b00000| Untracked 
| 124|0x00000000a7c00000, 0x00000000a7d00000, 0x00000000a7d00000|100%| O|  |TAMS 0x00000000a7c00000| PB 0x00000000a7c00000| Untracked 
| 125|0x00000000a7d00000, 0x00000000a7e00000, 0x00000000a7e00000|100%| O|  |TAMS 0x00000000a7d00000| PB 0x00000000a7d00000| Untracked 
| 126|0x00000000a7e00000, 0x00000000a7f00000, 0x00000000a7f00000|100%| O|Cm|TAMS 0x00000000a7e00000| PB 0x00000000a7e00000| Complete 
| 127|0x00000000a7f00000, 0x00000000a8000000, 0x00000000a8000000|100%| O|  |TAMS 0x00000000a7f00000| PB 0x00000000a7f00000| Untracked 
| 128|0x00000000a8000000, 0x00000000a8100000, 0x00000000a8100000|100%| O|  |TAMS 0x00000000a8000000| PB 0x00000000a8000000| Untracked 
| 129|0x00000000a8100000, 0x00000000a8200000, 0x00000000a8200000|100%| O|  |TAMS 0x00000000a8100000| PB 0x00000000a8100000| Untracked 
| 130|0x00000000a8200000, 0x00000000a8300000, 0x00000000a8300000|100%| O|  |TAMS 0x00000000a8200000| PB 0x00000000a8200000| Untracked 
| 131|0x00000000a8300000, 0x00000000a8400000, 0x00000000a8400000|100%| O|Cm|TAMS 0x00000000a8300000| PB 0x00000000a8300000| Complete 
| 132|0x00000000a8400000, 0x00000000a8500000, 0x00000000a8500000|100%| O|  |TAMS 0x00000000a8400000| PB 0x00000000a8400000| Untracked 
| 133|0x00000000a8500000, 0x00000000a8600000, 0x00000000a8600000|100%| O|  |TAMS 0x00000000a8500000| PB 0x00000000a8500000| Untracked 
| 134|0x00000000a8600000, 0x00000000a8700000, 0x00000000a8700000|100%| O|  |TAMS 0x00000000a8600000| PB 0x00000000a8600000| Untracked 
| 135|0x00000000a8700000, 0x00000000a8800000, 0x00000000a8800000|100%| O|  |TAMS 0x00000000a8700000| PB 0x00000000a8700000| Untracked 
| 136|0x00000000a8800000, 0x00000000a8900000, 0x00000000a8900000|100%| O|  |TAMS 0x00000000a8800000| PB 0x00000000a8800000| Untracked 
| 137|0x00000000a8900000, 0x00000000a8a00000, 0x00000000a8a00000|100%| O|  |TAMS 0x00000000a8900000| PB 0x00000000a8900000| Untracked 
| 138|0x00000000a8a00000, 0x00000000a8a7f458, 0x00000000a8b00000| 49%| O|  |TAMS 0x00000000a8a00000| PB 0x00000000a8a00000| Untracked 
| 139|0x00000000a8b00000, 0x00000000a8c00000, 0x00000000a8c00000|100%| O|Cm|TAMS 0x00000000a8b00000| PB 0x00000000a8b00000| Complete 
| 140|0x00000000a8c00000, 0x00000000a8d00000, 0x00000000a8d00000|100%| O|Cm|TAMS 0x00000000a8c00000| PB 0x00000000a8c00000| Complete 
| 141|0x00000000a8d00000, 0x00000000a8d00000, 0x00000000a8e00000|  0%| F|  |TAMS 0x00000000a8d00000| PB 0x00000000a8d00000| Untracked 
| 142|0x00000000a8e00000, 0x00000000a8e00000, 0x00000000a8f00000|  0%| F|  |TAMS 0x00000000a8e00000| PB 0x00000000a8e00000| Untracked 
| 143|0x00000000a8f00000, 0x00000000a9000000, 0x00000000a9000000|100%| O|  |TAMS 0x00000000a8f00000| PB 0x00000000a8f00000| Untracked 
| 144|0x00000000a9000000, 0x00000000a9100000, 0x00000000a9100000|100%| O|  |TAMS 0x00000000a9000000| PB 0x00000000a9000000| Untracked 
| 145|0x00000000a9100000, 0x00000000a9100000, 0x00000000a9200000|  0%| F|  |TAMS 0x00000000a9100000| PB 0x00000000a9100000| Untracked 
| 146|0x00000000a9200000, 0x00000000a9300000, 0x00000000a9300000|100%| O|  |TAMS 0x00000000a9200000| PB 0x00000000a9200000| Untracked 
| 147|0x00000000a9300000, 0x00000000a9400000, 0x00000000a9400000|100%| O|Cm|TAMS 0x00000000a9300000| PB 0x00000000a9300000| Complete 
| 148|0x00000000a9400000, 0x00000000a9500000, 0x00000000a9500000|100%| O|Cm|TAMS 0x00000000a9400000| PB 0x00000000a9400000| Complete 
| 149|0x00000000a9500000, 0x00000000a9500000, 0x00000000a9600000|  0%| F|  |TAMS 0x00000000a9500000| PB 0x00000000a9500000| Untracked 
| 150|0x00000000a9600000, 0x00000000a9700000, 0x00000000a9700000|100%| O|Cm|TAMS 0x00000000a9600000| PB 0x00000000a9600000| Complete 
| 151|0x00000000a9700000, 0x00000000a9800000, 0x00000000a9800000|100%| O|Cm|TAMS 0x00000000a9700000| PB 0x00000000a9700000| Complete 
| 152|0x00000000a9800000, 0x00000000a9800000, 0x00000000a9900000|  0%| F|  |TAMS 0x00000000a9800000| PB 0x00000000a9800000| Untracked 
| 153|0x00000000a9900000, 0x00000000a9a00000, 0x00000000a9a00000|100%| O|  |TAMS 0x00000000a9900000| PB 0x00000000a9900000| Untracked 
| 154|0x00000000a9a00000, 0x00000000a9b00000, 0x00000000a9b00000|100%| O|Cm|TAMS 0x00000000a9a00000| PB 0x00000000a9a00000| Complete 
| 155|0x00000000a9b00000, 0x00000000a9b00000, 0x00000000a9c00000|  0%| F|  |TAMS 0x00000000a9b00000| PB 0x00000000a9b00000| Untracked 
| 156|0x00000000a9c00000, 0x00000000a9c00000, 0x00000000a9d00000|  0%| F|  |TAMS 0x00000000a9c00000| PB 0x00000000a9c00000| Untracked 
| 157|0x00000000a9d00000, 0x00000000a9e00000, 0x00000000a9e00000|100%| O|Cm|TAMS 0x00000000a9d00000| PB 0x00000000a9d00000| Complete 
| 158|0x00000000a9e00000, 0x00000000a9e00000, 0x00000000a9f00000|  0%| F|  |TAMS 0x00000000a9e00000| PB 0x00000000a9e00000| Untracked 
| 159|0x00000000a9f00000, 0x00000000a9f00000, 0x00000000aa000000|  0%| F|  |TAMS 0x00000000a9f00000| PB 0x00000000a9f00000| Untracked 
| 160|0x00000000aa000000, 0x00000000aa100000, 0x00000000aa100000|100%| O|Cm|TAMS 0x00000000aa000000| PB 0x00000000aa000000| Complete 
| 161|0x00000000aa100000, 0x00000000aa200000, 0x00000000aa200000|100%| O|Cm|TAMS 0x00000000aa100000| PB 0x00000000aa100000| Complete 
| 162|0x00000000aa200000, 0x00000000aa300000, 0x00000000aa300000|100%| O|  |TAMS 0x00000000aa200000| PB 0x00000000aa200000| Untracked 
| 163|0x00000000aa300000, 0x00000000aa400000, 0x00000000aa400000|100%| O|  |TAMS 0x00000000aa300000| PB 0x00000000aa300000| Untracked 
| 164|0x00000000aa400000, 0x00000000aa500000, 0x00000000aa500000|100%| O|  |TAMS 0x00000000aa400000| PB 0x00000000aa400000| Untracked 
| 165|0x00000000aa500000, 0x00000000aa600000, 0x00000000aa600000|100%| O|Cm|TAMS 0x00000000aa500000| PB 0x00000000aa500000| Complete 
| 166|0x00000000aa600000, 0x00000000aa700000, 0x00000000aa700000|100%| O|  |TAMS 0x00000000aa600000| PB 0x00000000aa600000| Untracked 
| 167|0x00000000aa700000, 0x00000000aa700000, 0x00000000aa800000|  0%| F|  |TAMS 0x00000000aa700000| PB 0x00000000aa700000| Untracked 
| 168|0x00000000aa800000, 0x00000000aa800000, 0x00000000aa900000|  0%| F|  |TAMS 0x00000000aa800000| PB 0x00000000aa800000| Untracked 
| 169|0x00000000aa900000, 0x00000000aaa00000, 0x00000000aaa00000|100%| O|Cm|TAMS 0x00000000aa900000| PB 0x00000000aa900000| Complete 
| 170|0x00000000aaa00000, 0x00000000aab00000, 0x00000000aab00000|100%| O|Cm|TAMS 0x00000000aaa00000| PB 0x00000000aaa00000| Complete 
| 171|0x00000000aab00000, 0x00000000aac00000, 0x00000000aac00000|100%| O|  |TAMS 0x00000000aab00000| PB 0x00000000aab00000| Untracked 
| 172|0x00000000aac00000, 0x00000000aac00000, 0x00000000aad00000|  0%| F|  |TAMS 0x00000000aac00000| PB 0x00000000aac00000| Untracked 
| 173|0x00000000aad00000, 0x00000000aad00000, 0x00000000aae00000|  0%| F|  |TAMS 0x00000000aad00000| PB 0x00000000aad00000| Untracked 
| 174|0x00000000aae00000, 0x00000000aaf00000, 0x00000000aaf00000|100%| O|  |TAMS 0x00000000aae00000| PB 0x00000000aae00000| Untracked 
| 175|0x00000000aaf00000, 0x00000000ab000000, 0x00000000ab000000|100%| O|  |TAMS 0x00000000aaf00000| PB 0x00000000aaf00000| Untracked 
| 176|0x00000000ab000000, 0x00000000ab100000, 0x00000000ab100000|100%| O|Cm|TAMS 0x00000000ab000000| PB 0x00000000ab000000| Complete 
| 177|0x00000000ab100000, 0x00000000ab200000, 0x00000000ab200000|100%| O|  |TAMS 0x00000000ab100000| PB 0x00000000ab100000| Untracked 
| 178|0x00000000ab200000, 0x00000000ab300000, 0x00000000ab300000|100%| O|  |TAMS 0x00000000ab200000| PB 0x00000000ab200000| Untracked 
| 179|0x00000000ab300000, 0x00000000ab400000, 0x00000000ab400000|100%| O|  |TAMS 0x00000000ab300000| PB 0x00000000ab300000| Untracked 
| 180|0x00000000ab400000, 0x00000000ab400000, 0x00000000ab500000|  0%| F|  |TAMS 0x00000000ab400000| PB 0x00000000ab400000| Untracked 
| 181|0x00000000ab500000, 0x00000000ab600000, 0x00000000ab600000|100%| O|  |TAMS 0x00000000ab500000| PB 0x00000000ab500000| Untracked 
| 182|0x00000000ab600000, 0x00000000ab700000, 0x00000000ab700000|100%| O|Cm|TAMS 0x00000000ab600000| PB 0x00000000ab600000| Complete 
| 183|0x00000000ab700000, 0x00000000ab800000, 0x00000000ab800000|100%| O|  |TAMS 0x00000000ab700000| PB 0x00000000ab700000| Untracked 
| 184|0x00000000ab800000, 0x00000000ab900000, 0x00000000ab900000|100%| O|  |TAMS 0x00000000ab800000| PB 0x00000000ab800000| Untracked 
| 185|0x00000000ab900000, 0x00000000ab900000, 0x00000000aba00000|  0%| F|  |TAMS 0x00000000ab900000| PB 0x00000000ab900000| Untracked 
| 186|0x00000000aba00000, 0x00000000abb00000, 0x00000000abb00000|100%| O|  |TAMS 0x00000000aba00000| PB 0x00000000aba00000| Untracked 
| 187|0x00000000abb00000, 0x00000000abc00000, 0x00000000abc00000|100%| O|  |TAMS 0x00000000abb00000| PB 0x00000000abb00000| Untracked 
| 188|0x00000000abc00000, 0x00000000abd00000, 0x00000000abd00000|100%| O|  |TAMS 0x00000000abc00000| PB 0x00000000abc00000| Untracked 
| 189|0x00000000abd00000, 0x00000000abe00000, 0x00000000abe00000|100%| O|  |TAMS 0x00000000abd00000| PB 0x00000000abd00000| Untracked 
| 190|0x00000000abe00000, 0x00000000abf00000, 0x00000000abf00000|100%| O|Cm|TAMS 0x00000000abe00000| PB 0x00000000abe00000| Complete 
| 191|0x00000000abf00000, 0x00000000abf23640, 0x00000000ac000000| 13%| O|Cm|TAMS 0x00000000abf00000| PB 0x00000000abf00000| Complete 
| 192|0x00000000ac000000, 0x00000000ac100000, 0x00000000ac100000|100%| O|  |TAMS 0x00000000ac000000| PB 0x00000000ac000000| Untracked 
| 193|0x00000000ac100000, 0x00000000ac200000, 0x00000000ac200000|100%| O|  |TAMS 0x00000000ac100000| PB 0x00000000ac100000| Untracked 
| 194|0x00000000ac200000, 0x00000000ac300000, 0x00000000ac300000|100%| O|  |TAMS 0x00000000ac200000| PB 0x00000000ac200000| Untracked 
| 195|0x00000000ac300000, 0x00000000ac400000, 0x00000000ac400000|100%|HS|  |TAMS 0x00000000ac300000| PB 0x00000000ac300000| Complete 
| 196|0x00000000ac400000, 0x00000000ac400000, 0x00000000ac500000|  0%| F|  |TAMS 0x00000000ac400000| PB 0x00000000ac400000| Untracked 
| 197|0x00000000ac500000, 0x00000000ac500000, 0x00000000ac600000|  0%| F|  |TAMS 0x00000000ac500000| PB 0x00000000ac500000| Untracked 
| 198|0x00000000ac600000, 0x00000000ac700000, 0x00000000ac700000|100%| O|  |TAMS 0x00000000ac600000| PB 0x00000000ac600000| Untracked 
| 199|0x00000000ac700000, 0x00000000ac800000, 0x00000000ac800000|100%| O|  |TAMS 0x00000000ac700000| PB 0x00000000ac700000| Untracked 
| 200|0x00000000ac800000, 0x00000000ac800000, 0x00000000ac900000|  0%| F|  |TAMS 0x00000000ac800000| PB 0x00000000ac800000| Untracked 
| 201|0x00000000ac900000, 0x00000000aca00000, 0x00000000aca00000|100%| O|  |TAMS 0x00000000ac900000| PB 0x00000000ac900000| Untracked 
| 202|0x00000000aca00000, 0x00000000acb00000, 0x00000000acb00000|100%| O|  |TAMS 0x00000000aca00000| PB 0x00000000aca00000| Untracked 
| 203|0x00000000acb00000, 0x00000000acc00000, 0x00000000acc00000|100%| O|Cm|TAMS 0x00000000acb00000| PB 0x00000000acb00000| Complete 
| 204|0x00000000acc00000, 0x00000000acd00000, 0x00000000acd00000|100%| O|  |TAMS 0x00000000acc00000| PB 0x00000000acc00000| Untracked 
| 205|0x00000000acd00000, 0x00000000acd00000, 0x00000000ace00000|  0%| F|  |TAMS 0x00000000acd00000| PB 0x00000000acd00000| Untracked 
| 206|0x00000000ace00000, 0x00000000acf00000, 0x00000000acf00000|100%| O|  |TAMS 0x00000000ace00000| PB 0x00000000ace00000| Untracked 
| 207|0x00000000acf00000, 0x00000000ad000000, 0x00000000ad000000|100%| O|  |TAMS 0x00000000acf00000| PB 0x00000000acf00000| Untracked 
| 208|0x00000000ad000000, 0x00000000ad000000, 0x00000000ad100000|  0%| F|  |TAMS 0x00000000ad000000| PB 0x00000000ad000000| Untracked 
| 209|0x00000000ad100000, 0x00000000ad200000, 0x00000000ad200000|100%| O|  |TAMS 0x00000000ad100000| PB 0x00000000ad100000| Untracked 
| 210|0x00000000ad200000, 0x00000000ad300000, 0x00000000ad300000|100%| O|  |TAMS 0x00000000ad200000| PB 0x00000000ad200000| Untracked 
| 211|0x00000000ad300000, 0x00000000ad300000, 0x00000000ad400000|  0%| F|  |TAMS 0x00000000ad300000| PB 0x00000000ad300000| Untracked 
| 212|0x00000000ad400000, 0x00000000ad500000, 0x00000000ad500000|100%| O|Cm|TAMS 0x00000000ad400000| PB 0x00000000ad400000| Complete 
| 213|0x00000000ad500000, 0x00000000ad500000, 0x00000000ad600000|  0%| F|  |TAMS 0x00000000ad500000| PB 0x00000000ad500000| Untracked 
| 214|0x00000000ad600000, 0x00000000ad600000, 0x00000000ad700000|  0%| F|  |TAMS 0x00000000ad600000| PB 0x00000000ad600000| Untracked 
| 215|0x00000000ad700000, 0x00000000ad700000, 0x00000000ad800000|  0%| F|  |TAMS 0x00000000ad700000| PB 0x00000000ad700000| Untracked 
| 216|0x00000000ad800000, 0x00000000ad800000, 0x00000000ad900000|  0%| F|  |TAMS 0x00000000ad800000| PB 0x00000000ad800000| Untracked 
| 217|0x00000000ad900000, 0x00000000ada00000, 0x00000000ada00000|100%| O|  |TAMS 0x00000000ad900000| PB 0x00000000ad900000| Untracked 
| 218|0x00000000ada00000, 0x00000000ada00000, 0x00000000adb00000|  0%| F|  |TAMS 0x00000000ada00000| PB 0x00000000ada00000| Untracked 
| 219|0x00000000adb00000, 0x00000000adb00000, 0x00000000adc00000|  0%| F|  |TAMS 0x00000000adb00000| PB 0x00000000adb00000| Untracked 
| 220|0x00000000adc00000, 0x00000000adc00000, 0x00000000add00000|  0%| F|  |TAMS 0x00000000adc00000| PB 0x00000000adc00000| Untracked 
| 221|0x00000000add00000, 0x00000000ade00000, 0x00000000ade00000|100%| O|Cm|TAMS 0x00000000add00000| PB 0x00000000add00000| Complete 
| 222|0x00000000ade00000, 0x00000000adf00000, 0x00000000adf00000|100%| O|  |TAMS 0x00000000ade00000| PB 0x00000000ade00000| Untracked 
| 223|0x00000000adf00000, 0x00000000ae000000, 0x00000000ae000000|100%| O|Cm|TAMS 0x00000000adf00000| PB 0x00000000adf00000| Complete 
| 224|0x00000000ae000000, 0x00000000ae100000, 0x00000000ae100000|100%| O|Cm|TAMS 0x00000000ae000000| PB 0x00000000ae000000| Complete 
| 225|0x00000000ae100000, 0x00000000ae200000, 0x00000000ae200000|100%| O|Cm|TAMS 0x00000000ae100000| PB 0x00000000ae100000| Complete 
| 226|0x00000000ae200000, 0x00000000ae300000, 0x00000000ae300000|100%| O|  |TAMS 0x00000000ae200000| PB 0x00000000ae200000| Untracked 
| 227|0x00000000ae300000, 0x00000000ae400000, 0x00000000ae400000|100%| O|  |TAMS 0x00000000ae300000| PB 0x00000000ae300000| Untracked 
| 228|0x00000000ae400000, 0x00000000ae500000, 0x00000000ae500000|100%| O|  |TAMS 0x00000000ae400000| PB 0x00000000ae400000| Untracked 
| 229|0x00000000ae500000, 0x00000000ae600000, 0x00000000ae600000|100%| O|Cm|TAMS 0x00000000ae500000| PB 0x00000000ae500000| Complete 
| 230|0x00000000ae600000, 0x00000000ae700000, 0x00000000ae700000|100%| O|Cm|TAMS 0x00000000ae600000| PB 0x00000000ae600000| Complete 
| 231|0x00000000ae700000, 0x00000000ae800000, 0x00000000ae800000|100%| O|  |TAMS 0x00000000ae700000| PB 0x00000000ae700000| Untracked 
| 232|0x00000000ae800000, 0x00000000ae800000, 0x00000000ae900000|  0%| F|  |TAMS 0x00000000ae800000| PB 0x00000000ae800000| Untracked 
| 233|0x00000000ae900000, 0x00000000ae900000, 0x00000000aea00000|  0%| F|  |TAMS 0x00000000ae900000| PB 0x00000000ae900000| Untracked 
| 234|0x00000000aea00000, 0x00000000aea00000, 0x00000000aeb00000|  0%| F|  |TAMS 0x00000000aea00000| PB 0x00000000aea00000| Untracked 
| 235|0x00000000aeb00000, 0x00000000aeb00000, 0x00000000aec00000|  0%| F|  |TAMS 0x00000000aeb00000| PB 0x00000000aeb00000| Untracked 
| 236|0x00000000aec00000, 0x00000000aec00000, 0x00000000aed00000|  0%| F|  |TAMS 0x00000000aec00000| PB 0x00000000aec00000| Untracked 
| 237|0x00000000aed00000, 0x00000000aed00000, 0x00000000aee00000|  0%| F|  |TAMS 0x00000000aed00000| PB 0x00000000aed00000| Untracked 
| 238|0x00000000aee00000, 0x00000000aee00000, 0x00000000aef00000|  0%| F|  |TAMS 0x00000000aee00000| PB 0x00000000aee00000| Untracked 
| 239|0x00000000aef00000, 0x00000000aef00000, 0x00000000af000000|  0%| F|  |TAMS 0x00000000aef00000| PB 0x00000000aef00000| Untracked 
| 240|0x00000000af000000, 0x00000000af000000, 0x00000000af100000|  0%| F|  |TAMS 0x00000000af000000| PB 0x00000000af000000| Untracked 
| 241|0x00000000af100000, 0x00000000af100000, 0x00000000af200000|  0%| F|  |TAMS 0x00000000af100000| PB 0x00000000af100000| Untracked 
| 242|0x00000000af200000, 0x00000000af200000, 0x00000000af300000|  0%| F|  |TAMS 0x00000000af200000| PB 0x00000000af200000| Untracked 
| 243|0x00000000af300000, 0x00000000af300000, 0x00000000af400000|  0%| F|  |TAMS 0x00000000af300000| PB 0x00000000af300000| Untracked 
| 244|0x00000000af400000, 0x00000000af400000, 0x00000000af500000|  0%| F|  |TAMS 0x00000000af400000| PB 0x00000000af400000| Untracked 
| 245|0x00000000af500000, 0x00000000af500000, 0x00000000af600000|  0%| F|  |TAMS 0x00000000af500000| PB 0x00000000af500000| Untracked 
| 246|0x00000000af600000, 0x00000000af600000, 0x00000000af700000|  0%| F|  |TAMS 0x00000000af600000| PB 0x00000000af600000| Untracked 
| 247|0x00000000af700000, 0x00000000af700000, 0x00000000af800000|  0%| F|  |TAMS 0x00000000af700000| PB 0x00000000af700000| Untracked 
| 248|0x00000000af800000, 0x00000000af800000, 0x00000000af900000|  0%| F|  |TAMS 0x00000000af800000| PB 0x00000000af800000| Untracked 
| 249|0x00000000af900000, 0x00000000af900000, 0x00000000afa00000|  0%| F|  |TAMS 0x00000000af900000| PB 0x00000000af900000| Untracked 
| 250|0x00000000afa00000, 0x00000000afa00000, 0x00000000afb00000|  0%| F|  |TAMS 0x00000000afa00000| PB 0x00000000afa00000| Untracked 
| 251|0x00000000afb00000, 0x00000000afb00000, 0x00000000afc00000|  0%| F|  |TAMS 0x00000000afb00000| PB 0x00000000afb00000| Untracked 
| 252|0x00000000afc00000, 0x00000000afc00000, 0x00000000afd00000|  0%| F|  |TAMS 0x00000000afc00000| PB 0x00000000afc00000| Untracked 
| 253|0x00000000afd00000, 0x00000000afd00000, 0x00000000afe00000|  0%| F|  |TAMS 0x00000000afd00000| PB 0x00000000afd00000| Untracked 
| 254|0x00000000afe00000, 0x00000000afe00000, 0x00000000aff00000|  0%| F|  |TAMS 0x00000000afe00000| PB 0x00000000afe00000| Untracked 
| 255|0x00000000aff00000, 0x00000000aff00000, 0x00000000b0000000|  0%| F|  |TAMS 0x00000000aff00000| PB 0x00000000aff00000| Untracked 
| 256|0x00000000b0000000, 0x00000000b0000000, 0x00000000b0100000|  0%| F|  |TAMS 0x00000000b0000000| PB 0x00000000b0000000| Untracked 
| 257|0x00000000b0100000, 0x00000000b0100000, 0x00000000b0200000|  0%| F|  |TAMS 0x00000000b0100000| PB 0x00000000b0100000| Untracked 
| 258|0x00000000b0200000, 0x00000000b0200000, 0x00000000b0300000|  0%| F|  |TAMS 0x00000000b0200000| PB 0x00000000b0200000| Untracked 
| 259|0x00000000b0300000, 0x00000000b0300000, 0x00000000b0400000|  0%| F|  |TAMS 0x00000000b0300000| PB 0x00000000b0300000| Untracked 
| 260|0x00000000b0400000, 0x00000000b0400000, 0x00000000b0500000|  0%| F|  |TAMS 0x00000000b0400000| PB 0x00000000b0400000| Untracked 
| 261|0x00000000b0500000, 0x00000000b0500000, 0x00000000b0600000|  0%| F|  |TAMS 0x00000000b0500000| PB 0x00000000b0500000| Untracked 
| 262|0x00000000b0600000, 0x00000000b0600000, 0x00000000b0700000|  0%| F|  |TAMS 0x00000000b0600000| PB 0x00000000b0600000| Untracked 
| 263|0x00000000b0700000, 0x00000000b0700000, 0x00000000b0800000|  0%| F|  |TAMS 0x00000000b0700000| PB 0x00000000b0700000| Untracked 
| 264|0x00000000b0800000, 0x00000000b0800000, 0x00000000b0900000|  0%| F|  |TAMS 0x00000000b0800000| PB 0x00000000b0800000| Untracked 
| 265|0x00000000b0900000, 0x00000000b0900000, 0x00000000b0a00000|  0%| F|  |TAMS 0x00000000b0900000| PB 0x00000000b0900000| Untracked 
| 266|0x00000000b0a00000, 0x00000000b0a00000, 0x00000000b0b00000|  0%| F|  |TAMS 0x00000000b0a00000| PB 0x00000000b0a00000| Untracked 
| 267|0x00000000b0b00000, 0x00000000b0b00000, 0x00000000b0c00000|  0%| F|  |TAMS 0x00000000b0b00000| PB 0x00000000b0b00000| Untracked 
| 268|0x00000000b0c00000, 0x00000000b0c00000, 0x00000000b0d00000|  0%| F|  |TAMS 0x00000000b0c00000| PB 0x00000000b0c00000| Untracked 
| 269|0x00000000b0d00000, 0x00000000b0d00000, 0x00000000b0e00000|  0%| F|  |TAMS 0x00000000b0d00000| PB 0x00000000b0d00000| Untracked 
| 270|0x00000000b0e00000, 0x00000000b0e00000, 0x00000000b0f00000|  0%| F|  |TAMS 0x00000000b0e00000| PB 0x00000000b0e00000| Untracked 
| 271|0x00000000b0f00000, 0x00000000b0f00000, 0x00000000b1000000|  0%| F|  |TAMS 0x00000000b0f00000| PB 0x00000000b0f00000| Untracked 
| 272|0x00000000b1000000, 0x00000000b1000000, 0x00000000b1100000|  0%| F|  |TAMS 0x00000000b1000000| PB 0x00000000b1000000| Untracked 
| 273|0x00000000b1100000, 0x00000000b1100000, 0x00000000b1200000|  0%| F|  |TAMS 0x00000000b1100000| PB 0x00000000b1100000| Untracked 
| 274|0x00000000b1200000, 0x00000000b1200000, 0x00000000b1300000|  0%| F|  |TAMS 0x00000000b1200000| PB 0x00000000b1200000| Untracked 
| 275|0x00000000b1300000, 0x00000000b1300000, 0x00000000b1400000|  0%| F|  |TAMS 0x00000000b1300000| PB 0x00000000b1300000| Untracked 
| 276|0x00000000b1400000, 0x00000000b1400000, 0x00000000b1500000|  0%| F|  |TAMS 0x00000000b1400000| PB 0x00000000b1400000| Untracked 
| 277|0x00000000b1500000, 0x00000000b1500000, 0x00000000b1600000|  0%| F|  |TAMS 0x00000000b1500000| PB 0x00000000b1500000| Untracked 
| 278|0x00000000b1600000, 0x00000000b1600000, 0x00000000b1700000|  0%| F|  |TAMS 0x00000000b1600000| PB 0x00000000b1600000| Untracked 
| 279|0x00000000b1700000, 0x00000000b1700000, 0x00000000b1800000|  0%| F|  |TAMS 0x00000000b1700000| PB 0x00000000b1700000| Untracked 
| 280|0x00000000b1800000, 0x00000000b1800000, 0x00000000b1900000|  0%| F|  |TAMS 0x00000000b1800000| PB 0x00000000b1800000| Untracked 
| 281|0x00000000b1900000, 0x00000000b1900000, 0x00000000b1a00000|  0%| F|  |TAMS 0x00000000b1900000| PB 0x00000000b1900000| Untracked 
| 282|0x00000000b1a00000, 0x00000000b1a00000, 0x00000000b1b00000|  0%| F|  |TAMS 0x00000000b1a00000| PB 0x00000000b1a00000| Untracked 
| 283|0x00000000b1b00000, 0x00000000b1b00000, 0x00000000b1c00000|  0%| F|  |TAMS 0x00000000b1b00000| PB 0x00000000b1b00000| Untracked 
| 284|0x00000000b1c00000, 0x00000000b1c00000, 0x00000000b1d00000|  0%| F|  |TAMS 0x00000000b1c00000| PB 0x00000000b1c00000| Untracked 
| 285|0x00000000b1d00000, 0x00000000b1d00000, 0x00000000b1e00000|  0%| F|  |TAMS 0x00000000b1d00000| PB 0x00000000b1d00000| Untracked 
| 286|0x00000000b1e00000, 0x00000000b1e00000, 0x00000000b1f00000|  0%| F|  |TAMS 0x00000000b1e00000| PB 0x00000000b1e00000| Untracked 
| 287|0x00000000b1f00000, 0x00000000b1f00000, 0x00000000b2000000|  0%| F|  |TAMS 0x00000000b1f00000| PB 0x00000000b1f00000| Untracked 
| 288|0x00000000b2000000, 0x00000000b2000000, 0x00000000b2100000|  0%| F|  |TAMS 0x00000000b2000000| PB 0x00000000b2000000| Untracked 
| 289|0x00000000b2100000, 0x00000000b2100000, 0x00000000b2200000|  0%| F|  |TAMS 0x00000000b2100000| PB 0x00000000b2100000| Untracked 
| 290|0x00000000b2200000, 0x00000000b2200000, 0x00000000b2300000|  0%| F|  |TAMS 0x00000000b2200000| PB 0x00000000b2200000| Untracked 
| 291|0x00000000b2300000, 0x00000000b2300000, 0x00000000b2400000|  0%| F|  |TAMS 0x00000000b2300000| PB 0x00000000b2300000| Untracked 
| 292|0x00000000b2400000, 0x00000000b2400000, 0x00000000b2500000|  0%| F|  |TAMS 0x00000000b2400000| PB 0x00000000b2400000| Untracked 
| 293|0x00000000b2500000, 0x00000000b2500000, 0x00000000b2600000|  0%| F|  |TAMS 0x00000000b2500000| PB 0x00000000b2500000| Untracked 
| 294|0x00000000b2600000, 0x00000000b2600000, 0x00000000b2700000|  0%| F|  |TAMS 0x00000000b2600000| PB 0x00000000b2600000| Untracked 
| 295|0x00000000b2700000, 0x00000000b2700000, 0x00000000b2800000|  0%| F|  |TAMS 0x00000000b2700000| PB 0x00000000b2700000| Untracked 
| 296|0x00000000b2800000, 0x00000000b2800000, 0x00000000b2900000|  0%| F|  |TAMS 0x00000000b2800000| PB 0x00000000b2800000| Untracked 
| 297|0x00000000b2900000, 0x00000000b2900000, 0x00000000b2a00000|  0%| F|  |TAMS 0x00000000b2900000| PB 0x00000000b2900000| Untracked 
| 298|0x00000000b2a00000, 0x00000000b2a00000, 0x00000000b2b00000|  0%| F|  |TAMS 0x00000000b2a00000| PB 0x00000000b2a00000| Untracked 
| 299|0x00000000b2b00000, 0x00000000b2b00000, 0x00000000b2c00000|  0%| F|  |TAMS 0x00000000b2b00000| PB 0x00000000b2b00000| Untracked 
| 300|0x00000000b2c00000, 0x00000000b2c00000, 0x00000000b2d00000|  0%| F|  |TAMS 0x00000000b2c00000| PB 0x00000000b2c00000| Untracked 
| 301|0x00000000b2d00000, 0x00000000b2d00000, 0x00000000b2e00000|  0%| F|  |TAMS 0x00000000b2d00000| PB 0x00000000b2d00000| Untracked 
| 302|0x00000000b2e00000, 0x00000000b2e00000, 0x00000000b2f00000|  0%| F|  |TAMS 0x00000000b2e00000| PB 0x00000000b2e00000| Untracked 
| 303|0x00000000b2f00000, 0x00000000b2f00000, 0x00000000b3000000|  0%| F|  |TAMS 0x00000000b2f00000| PB 0x00000000b2f00000| Untracked 
| 304|0x00000000b3000000, 0x00000000b3000000, 0x00000000b3100000|  0%| F|  |TAMS 0x00000000b3000000| PB 0x00000000b3000000| Untracked 
| 305|0x00000000b3100000, 0x00000000b3100000, 0x00000000b3200000|  0%| F|  |TAMS 0x00000000b3100000| PB 0x00000000b3100000| Untracked 
| 306|0x00000000b3200000, 0x00000000b3200000, 0x00000000b3300000|  0%| F|  |TAMS 0x00000000b3200000| PB 0x00000000b3200000| Untracked 
| 307|0x00000000b3300000, 0x00000000b3300000, 0x00000000b3400000|  0%| F|  |TAMS 0x00000000b3300000| PB 0x00000000b3300000| Untracked 
| 308|0x00000000b3400000, 0x00000000b3400000, 0x00000000b3500000|  0%| F|  |TAMS 0x00000000b3400000| PB 0x00000000b3400000| Untracked 
| 309|0x00000000b3500000, 0x00000000b3500000, 0x00000000b3600000|  0%| F|  |TAMS 0x00000000b3500000| PB 0x00000000b3500000| Untracked 
| 310|0x00000000b3600000, 0x00000000b3600000, 0x00000000b3700000|  0%| F|  |TAMS 0x00000000b3600000| PB 0x00000000b3600000| Untracked 
| 311|0x00000000b3700000, 0x00000000b3700000, 0x00000000b3800000|  0%| F|  |TAMS 0x00000000b3700000| PB 0x00000000b3700000| Untracked 
| 312|0x00000000b3800000, 0x00000000b3800000, 0x00000000b3900000|  0%| F|  |TAMS 0x00000000b3800000| PB 0x00000000b3800000| Untracked 
| 313|0x00000000b3900000, 0x00000000b3900000, 0x00000000b3a00000|  0%| F|  |TAMS 0x00000000b3900000| PB 0x00000000b3900000| Untracked 
| 314|0x00000000b3a00000, 0x00000000b3a00000, 0x00000000b3b00000|  0%| F|  |TAMS 0x00000000b3a00000| PB 0x00000000b3a00000| Untracked 
| 315|0x00000000b3b00000, 0x00000000b3b00000, 0x00000000b3c00000|  0%| F|  |TAMS 0x00000000b3b00000| PB 0x00000000b3b00000| Untracked 
| 316|0x00000000b3c00000, 0x00000000b3c00000, 0x00000000b3d00000|  0%| F|  |TAMS 0x00000000b3c00000| PB 0x00000000b3c00000| Untracked 
| 317|0x00000000b3d00000, 0x00000000b3d00000, 0x00000000b3e00000|  0%| F|  |TAMS 0x00000000b3d00000| PB 0x00000000b3d00000| Untracked 
| 318|0x00000000b3e00000, 0x00000000b3e00000, 0x00000000b3f00000|  0%| F|  |TAMS 0x00000000b3e00000| PB 0x00000000b3e00000| Untracked 
| 319|0x00000000b3f00000, 0x00000000b3f00000, 0x00000000b4000000|  0%| F|  |TAMS 0x00000000b3f00000| PB 0x00000000b3f00000| Untracked 
| 320|0x00000000b4000000, 0x00000000b4000000, 0x00000000b4100000|  0%| F|  |TAMS 0x00000000b4000000| PB 0x00000000b4000000| Untracked 
| 321|0x00000000b4100000, 0x00000000b4100000, 0x00000000b4200000|  0%| F|  |TAMS 0x00000000b4100000| PB 0x00000000b4100000| Untracked 
| 322|0x00000000b4200000, 0x00000000b4200000, 0x00000000b4300000|  0%| F|  |TAMS 0x00000000b4200000| PB 0x00000000b4200000| Untracked 
| 323|0x00000000b4300000, 0x00000000b4300000, 0x00000000b4400000|  0%| F|  |TAMS 0x00000000b4300000| PB 0x00000000b4300000| Untracked 
| 324|0x00000000b4400000, 0x00000000b4400000, 0x00000000b4500000|  0%| F|  |TAMS 0x00000000b4400000| PB 0x00000000b4400000| Untracked 
| 325|0x00000000b4500000, 0x00000000b4500000, 0x00000000b4600000|  0%| F|  |TAMS 0x00000000b4500000| PB 0x00000000b4500000| Untracked 
| 326|0x00000000b4600000, 0x00000000b4600000, 0x00000000b4700000|  0%| F|  |TAMS 0x00000000b4600000| PB 0x00000000b4600000| Untracked 
| 327|0x00000000b4700000, 0x00000000b4700000, 0x00000000b4800000|  0%| F|  |TAMS 0x00000000b4700000| PB 0x00000000b4700000| Untracked 
| 328|0x00000000b4800000, 0x00000000b4800000, 0x00000000b4900000|  0%| F|  |TAMS 0x00000000b4800000| PB 0x00000000b4800000| Untracked 
| 329|0x00000000b4900000, 0x00000000b4900000, 0x00000000b4a00000|  0%| F|  |TAMS 0x00000000b4900000| PB 0x00000000b4900000| Untracked 
| 330|0x00000000b4a00000, 0x00000000b4a00000, 0x00000000b4b00000|  0%| F|  |TAMS 0x00000000b4a00000| PB 0x00000000b4a00000| Untracked 
| 331|0x00000000b4b00000, 0x00000000b4b00000, 0x00000000b4c00000|  0%| F|  |TAMS 0x00000000b4b00000| PB 0x00000000b4b00000| Untracked 
| 332|0x00000000b4c00000, 0x00000000b4c00000, 0x00000000b4d00000|  0%| F|  |TAMS 0x00000000b4c00000| PB 0x00000000b4c00000| Untracked 
| 333|0x00000000b4d00000, 0x00000000b4d00000, 0x00000000b4e00000|  0%| F|  |TAMS 0x00000000b4d00000| PB 0x00000000b4d00000| Untracked 
| 334|0x00000000b4e00000, 0x00000000b4e00000, 0x00000000b4f00000|  0%| F|  |TAMS 0x00000000b4e00000| PB 0x00000000b4e00000| Untracked 
| 335|0x00000000b4f00000, 0x00000000b4f00000, 0x00000000b5000000|  0%| F|  |TAMS 0x00000000b4f00000| PB 0x00000000b4f00000| Untracked 
| 336|0x00000000b5000000, 0x00000000b5000000, 0x00000000b5100000|  0%| F|  |TAMS 0x00000000b5000000| PB 0x00000000b5000000| Untracked 
| 337|0x00000000b5100000, 0x00000000b5100000, 0x00000000b5200000|  0%| F|  |TAMS 0x00000000b5100000| PB 0x00000000b5100000| Untracked 
| 338|0x00000000b5200000, 0x00000000b5200000, 0x00000000b5300000|  0%| F|  |TAMS 0x00000000b5200000| PB 0x00000000b5200000| Untracked 
| 339|0x00000000b5300000, 0x00000000b5300000, 0x00000000b5400000|  0%| F|  |TAMS 0x00000000b5300000| PB 0x00000000b5300000| Untracked 
| 340|0x00000000b5400000, 0x00000000b5400000, 0x00000000b5500000|  0%| F|  |TAMS 0x00000000b5400000| PB 0x00000000b5400000| Untracked 
| 341|0x00000000b5500000, 0x00000000b5500000, 0x00000000b5600000|  0%| F|  |TAMS 0x00000000b5500000| PB 0x00000000b5500000| Untracked 
| 342|0x00000000b5600000, 0x00000000b5600000, 0x00000000b5700000|  0%| F|  |TAMS 0x00000000b5600000| PB 0x00000000b5600000| Untracked 
| 343|0x00000000b5700000, 0x00000000b5700000, 0x00000000b5800000|  0%| F|  |TAMS 0x00000000b5700000| PB 0x00000000b5700000| Untracked 
| 344|0x00000000b5800000, 0x00000000b5800000, 0x00000000b5900000|  0%| F|  |TAMS 0x00000000b5800000| PB 0x00000000b5800000| Untracked 
| 345|0x00000000b5900000, 0x00000000b5900000, 0x00000000b5a00000|  0%| F|  |TAMS 0x00000000b5900000| PB 0x00000000b5900000| Untracked 
| 346|0x00000000b5a00000, 0x00000000b5a00000, 0x00000000b5b00000|  0%| F|  |TAMS 0x00000000b5a00000| PB 0x00000000b5a00000| Untracked 
| 347|0x00000000b5b00000, 0x00000000b5b00000, 0x00000000b5c00000|  0%| F|  |TAMS 0x00000000b5b00000| PB 0x00000000b5b00000| Untracked 
| 348|0x00000000b5c00000, 0x00000000b5c00000, 0x00000000b5d00000|  0%| F|  |TAMS 0x00000000b5c00000| PB 0x00000000b5c00000| Untracked 
| 349|0x00000000b5d00000, 0x00000000b5d00000, 0x00000000b5e00000|  0%| F|  |TAMS 0x00000000b5d00000| PB 0x00000000b5d00000| Untracked 
| 350|0x00000000b5e00000, 0x00000000b5e00000, 0x00000000b5f00000|  0%| F|  |TAMS 0x00000000b5e00000| PB 0x00000000b5e00000| Untracked 
| 351|0x00000000b5f00000, 0x00000000b5f00000, 0x00000000b6000000|  0%| F|  |TAMS 0x00000000b5f00000| PB 0x00000000b5f00000| Untracked 
| 352|0x00000000b6000000, 0x00000000b6000000, 0x00000000b6100000|  0%| F|  |TAMS 0x00000000b6000000| PB 0x00000000b6000000| Untracked 
| 353|0x00000000b6100000, 0x00000000b6100000, 0x00000000b6200000|  0%| F|  |TAMS 0x00000000b6100000| PB 0x00000000b6100000| Untracked 
| 354|0x00000000b6200000, 0x00000000b6200000, 0x00000000b6300000|  0%| F|  |TAMS 0x00000000b6200000| PB 0x00000000b6200000| Untracked 
| 355|0x00000000b6300000, 0x00000000b6300000, 0x00000000b6400000|  0%| F|  |TAMS 0x00000000b6300000| PB 0x00000000b6300000| Untracked 
| 356|0x00000000b6400000, 0x00000000b6400000, 0x00000000b6500000|  0%| F|  |TAMS 0x00000000b6400000| PB 0x00000000b6400000| Untracked 
| 357|0x00000000b6500000, 0x00000000b6500000, 0x00000000b6600000|  0%| F|  |TAMS 0x00000000b6500000| PB 0x00000000b6500000| Untracked 
| 358|0x00000000b6600000, 0x00000000b6600000, 0x00000000b6700000|  0%| F|  |TAMS 0x00000000b6600000| PB 0x00000000b6600000| Untracked 
| 359|0x00000000b6700000, 0x00000000b6700000, 0x00000000b6800000|  0%| F|  |TAMS 0x00000000b6700000| PB 0x00000000b6700000| Untracked 
| 360|0x00000000b6800000, 0x00000000b6800000, 0x00000000b6900000|  0%| F|  |TAMS 0x00000000b6800000| PB 0x00000000b6800000| Untracked 
| 361|0x00000000b6900000, 0x00000000b6900000, 0x00000000b6a00000|  0%| F|  |TAMS 0x00000000b6900000| PB 0x00000000b6900000| Untracked 
| 362|0x00000000b6a00000, 0x00000000b6a00000, 0x00000000b6b00000|  0%| F|  |TAMS 0x00000000b6a00000| PB 0x00000000b6a00000| Untracked 
| 363|0x00000000b6b00000, 0x00000000b6b00000, 0x00000000b6c00000|  0%| F|  |TAMS 0x00000000b6b00000| PB 0x00000000b6b00000| Untracked 
| 364|0x00000000b6c00000, 0x00000000b6c00000, 0x00000000b6d00000|  0%| F|  |TAMS 0x00000000b6c00000| PB 0x00000000b6c00000| Untracked 
| 365|0x00000000b6d00000, 0x00000000b6d00000, 0x00000000b6e00000|  0%| F|  |TAMS 0x00000000b6d00000| PB 0x00000000b6d00000| Untracked 
| 366|0x00000000b6e00000, 0x00000000b6e00000, 0x00000000b6f00000|  0%| F|  |TAMS 0x00000000b6e00000| PB 0x00000000b6e00000| Untracked 
| 367|0x00000000b6f00000, 0x00000000b6f00000, 0x00000000b7000000|  0%| F|  |TAMS 0x00000000b6f00000| PB 0x00000000b6f00000| Untracked 
| 368|0x00000000b7000000, 0x00000000b7000000, 0x00000000b7100000|  0%| F|  |TAMS 0x00000000b7000000| PB 0x00000000b7000000| Untracked 
| 369|0x00000000b7100000, 0x00000000b7100000, 0x00000000b7200000|  0%| F|  |TAMS 0x00000000b7100000| PB 0x00000000b7100000| Untracked 
| 370|0x00000000b7200000, 0x00000000b7200000, 0x00000000b7300000|  0%| F|  |TAMS 0x00000000b7200000| PB 0x00000000b7200000| Untracked 
| 371|0x00000000b7300000, 0x00000000b7300000, 0x00000000b7400000|  0%| F|  |TAMS 0x00000000b7300000| PB 0x00000000b7300000| Untracked 
| 372|0x00000000b7400000, 0x00000000b7400000, 0x00000000b7500000|  0%| F|  |TAMS 0x00000000b7400000| PB 0x00000000b7400000| Untracked 
| 373|0x00000000b7500000, 0x00000000b7500000, 0x00000000b7600000|  0%| F|  |TAMS 0x00000000b7500000| PB 0x00000000b7500000| Untracked 
| 374|0x00000000b7600000, 0x00000000b7600000, 0x00000000b7700000|  0%| F|  |TAMS 0x00000000b7600000| PB 0x00000000b7600000| Untracked 
| 375|0x00000000b7700000, 0x00000000b7700000, 0x00000000b7800000|  0%| F|  |TAMS 0x00000000b7700000| PB 0x00000000b7700000| Untracked 
| 376|0x00000000b7800000, 0x00000000b7800000, 0x00000000b7900000|  0%| F|  |TAMS 0x00000000b7800000| PB 0x00000000b7800000| Untracked 
| 377|0x00000000b7900000, 0x00000000b7900000, 0x00000000b7a00000|  0%| F|  |TAMS 0x00000000b7900000| PB 0x00000000b7900000| Untracked 
| 378|0x00000000b7a00000, 0x00000000b7a00000, 0x00000000b7b00000|  0%| F|  |TAMS 0x00000000b7a00000| PB 0x00000000b7a00000| Untracked 
| 379|0x00000000b7b00000, 0x00000000b7b00000, 0x00000000b7c00000|  0%| F|  |TAMS 0x00000000b7b00000| PB 0x00000000b7b00000| Untracked 
| 380|0x00000000b7c00000, 0x00000000b7c00000, 0x00000000b7d00000|  0%| F|  |TAMS 0x00000000b7c00000| PB 0x00000000b7c00000| Untracked 
| 381|0x00000000b7d00000, 0x00000000b7d00000, 0x00000000b7e00000|  0%| F|  |TAMS 0x00000000b7d00000| PB 0x00000000b7d00000| Untracked 
| 382|0x00000000b7e00000, 0x00000000b7e00000, 0x00000000b7f00000|  0%| F|  |TAMS 0x00000000b7e00000| PB 0x00000000b7e00000| Untracked 
| 383|0x00000000b7f00000, 0x00000000b7f00000, 0x00000000b8000000|  0%| F|  |TAMS 0x00000000b7f00000| PB 0x00000000b7f00000| Untracked 
| 384|0x00000000b8000000, 0x00000000b8000000, 0x00000000b8100000|  0%| F|  |TAMS 0x00000000b8000000| PB 0x00000000b8000000| Untracked 
| 385|0x00000000b8100000, 0x00000000b8100000, 0x00000000b8200000|  0%| F|  |TAMS 0x00000000b8100000| PB 0x00000000b8100000| Untracked 
| 386|0x00000000b8200000, 0x00000000b8200000, 0x00000000b8300000|  0%| F|  |TAMS 0x00000000b8200000| PB 0x00000000b8200000| Untracked 
| 387|0x00000000b8300000, 0x00000000b8300000, 0x00000000b8400000|  0%| F|  |TAMS 0x00000000b8300000| PB 0x00000000b8300000| Untracked 
| 388|0x00000000b8400000, 0x00000000b8400000, 0x00000000b8500000|  0%| F|  |TAMS 0x00000000b8400000| PB 0x00000000b8400000| Untracked 
| 389|0x00000000b8500000, 0x00000000b8500000, 0x00000000b8600000|  0%| F|  |TAMS 0x00000000b8500000| PB 0x00000000b8500000| Untracked 
| 390|0x00000000b8600000, 0x00000000b8600000, 0x00000000b8700000|  0%| F|  |TAMS 0x00000000b8600000| PB 0x00000000b8600000| Untracked 
| 391|0x00000000b8700000, 0x00000000b8700000, 0x00000000b8800000|  0%| F|  |TAMS 0x00000000b8700000| PB 0x00000000b8700000| Untracked 
| 392|0x00000000b8800000, 0x00000000b8800000, 0x00000000b8900000|  0%| F|  |TAMS 0x00000000b8800000| PB 0x00000000b8800000| Untracked 
| 393|0x00000000b8900000, 0x00000000b8900000, 0x00000000b8a00000|  0%| F|  |TAMS 0x00000000b8900000| PB 0x00000000b8900000| Untracked 
| 394|0x00000000b8a00000, 0x00000000b8a00000, 0x00000000b8b00000|  0%| F|  |TAMS 0x00000000b8a00000| PB 0x00000000b8a00000| Untracked 
| 395|0x00000000b8b00000, 0x00000000b8b00000, 0x00000000b8c00000|  0%| F|  |TAMS 0x00000000b8b00000| PB 0x00000000b8b00000| Untracked 
| 396|0x00000000b8c00000, 0x00000000b8c00000, 0x00000000b8d00000|  0%| F|  |TAMS 0x00000000b8c00000| PB 0x00000000b8c00000| Untracked 
| 397|0x00000000b8d00000, 0x00000000b8d00000, 0x00000000b8e00000|  0%| F|  |TAMS 0x00000000b8d00000| PB 0x00000000b8d00000| Untracked 
| 398|0x00000000b8e00000, 0x00000000b8e00000, 0x00000000b8f00000|  0%| F|  |TAMS 0x00000000b8e00000| PB 0x00000000b8e00000| Untracked 
| 399|0x00000000b8f00000, 0x00000000b8f00000, 0x00000000b9000000|  0%| F|  |TAMS 0x00000000b8f00000| PB 0x00000000b8f00000| Untracked 
| 400|0x00000000b9000000, 0x00000000b9000000, 0x00000000b9100000|  0%| F|  |TAMS 0x00000000b9000000| PB 0x00000000b9000000| Untracked 
| 401|0x00000000b9100000, 0x00000000b9100000, 0x00000000b9200000|  0%| F|  |TAMS 0x00000000b9100000| PB 0x00000000b9100000| Untracked 
| 402|0x00000000b9200000, 0x00000000b9200000, 0x00000000b9300000|  0%| F|  |TAMS 0x00000000b9200000| PB 0x00000000b9200000| Untracked 
| 403|0x00000000b9300000, 0x00000000b9300000, 0x00000000b9400000|  0%| F|  |TAMS 0x00000000b9300000| PB 0x00000000b9300000| Untracked 
| 404|0x00000000b9400000, 0x00000000b9400000, 0x00000000b9500000|  0%| F|  |TAMS 0x00000000b9400000| PB 0x00000000b9400000| Untracked 
| 405|0x00000000b9500000, 0x00000000b9500000, 0x00000000b9600000|  0%| F|  |TAMS 0x00000000b9500000| PB 0x00000000b9500000| Untracked 
| 406|0x00000000b9600000, 0x00000000b9600000, 0x00000000b9700000|  0%| F|  |TAMS 0x00000000b9600000| PB 0x00000000b9600000| Untracked 
| 407|0x00000000b9700000, 0x00000000b9700000, 0x00000000b9800000|  0%| F|  |TAMS 0x00000000b9700000| PB 0x00000000b9700000| Untracked 
| 408|0x00000000b9800000, 0x00000000b9800000, 0x00000000b9900000|  0%| F|  |TAMS 0x00000000b9800000| PB 0x00000000b9800000| Untracked 
| 409|0x00000000b9900000, 0x00000000b9900000, 0x00000000b9a00000|  0%| F|  |TAMS 0x00000000b9900000| PB 0x00000000b9900000| Untracked 
| 410|0x00000000b9a00000, 0x00000000b9a00000, 0x00000000b9b00000|  0%| F|  |TAMS 0x00000000b9a00000| PB 0x00000000b9a00000| Untracked 
| 411|0x00000000b9b00000, 0x00000000b9b00000, 0x00000000b9c00000|  0%| F|  |TAMS 0x00000000b9b00000| PB 0x00000000b9b00000| Untracked 
| 412|0x00000000b9c00000, 0x00000000b9c00000, 0x00000000b9d00000|  0%| F|  |TAMS 0x00000000b9c00000| PB 0x00000000b9c00000| Untracked 
| 413|0x00000000b9d00000, 0x00000000b9d00000, 0x00000000b9e00000|  0%| F|  |TAMS 0x00000000b9d00000| PB 0x00000000b9d00000| Untracked 
| 414|0x00000000b9e00000, 0x00000000b9e00000, 0x00000000b9f00000|  0%| F|  |TAMS 0x00000000b9e00000| PB 0x00000000b9e00000| Untracked 
| 415|0x00000000b9f00000, 0x00000000b9f00000, 0x00000000ba000000|  0%| F|  |TAMS 0x00000000b9f00000| PB 0x00000000b9f00000| Untracked 
| 416|0x00000000ba000000, 0x00000000ba000000, 0x00000000ba100000|  0%| F|  |TAMS 0x00000000ba000000| PB 0x00000000ba000000| Untracked 
| 417|0x00000000ba100000, 0x00000000ba100000, 0x00000000ba200000|  0%| F|  |TAMS 0x00000000ba100000| PB 0x00000000ba100000| Untracked 
| 418|0x00000000ba200000, 0x00000000ba200000, 0x00000000ba300000|  0%| F|  |TAMS 0x00000000ba200000| PB 0x00000000ba200000| Untracked 
| 419|0x00000000ba300000, 0x00000000ba300000, 0x00000000ba400000|  0%| F|  |TAMS 0x00000000ba300000| PB 0x00000000ba300000| Untracked 
| 420|0x00000000ba400000, 0x00000000ba400000, 0x00000000ba500000|  0%| F|  |TAMS 0x00000000ba400000| PB 0x00000000ba400000| Untracked 
| 421|0x00000000ba500000, 0x00000000ba500000, 0x00000000ba600000|  0%| F|  |TAMS 0x00000000ba500000| PB 0x00000000ba500000| Untracked 
| 422|0x00000000ba600000, 0x00000000ba600000, 0x00000000ba700000|  0%| F|  |TAMS 0x00000000ba600000| PB 0x00000000ba600000| Untracked 
| 423|0x00000000ba700000, 0x00000000ba700000, 0x00000000ba800000|  0%| F|  |TAMS 0x00000000ba700000| PB 0x00000000ba700000| Untracked 
| 424|0x00000000ba800000, 0x00000000ba800000, 0x00000000ba900000|  0%| F|  |TAMS 0x00000000ba800000| PB 0x00000000ba800000| Untracked 
| 425|0x00000000ba900000, 0x00000000ba900000, 0x00000000baa00000|  0%| F|  |TAMS 0x00000000ba900000| PB 0x00000000ba900000| Untracked 
| 426|0x00000000baa00000, 0x00000000baa00000, 0x00000000bab00000|  0%| F|  |TAMS 0x00000000baa00000| PB 0x00000000baa00000| Untracked 
| 427|0x00000000bab00000, 0x00000000bab00000, 0x00000000bac00000|  0%| F|  |TAMS 0x00000000bab00000| PB 0x00000000bab00000| Untracked 
| 428|0x00000000bac00000, 0x00000000bac00000, 0x00000000bad00000|  0%| F|  |TAMS 0x00000000bac00000| PB 0x00000000bac00000| Untracked 
| 429|0x00000000bad00000, 0x00000000bad00000, 0x00000000bae00000|  0%| F|  |TAMS 0x00000000bad00000| PB 0x00000000bad00000| Untracked 
| 430|0x00000000bae00000, 0x00000000bae00000, 0x00000000baf00000|  0%| F|  |TAMS 0x00000000bae00000| PB 0x00000000bae00000| Untracked 
| 431|0x00000000baf00000, 0x00000000baf00000, 0x00000000bb000000|  0%| F|  |TAMS 0x00000000baf00000| PB 0x00000000baf00000| Untracked 
| 432|0x00000000bb000000, 0x00000000bb000000, 0x00000000bb100000|  0%| F|  |TAMS 0x00000000bb000000| PB 0x00000000bb000000| Untracked 
| 433|0x00000000bb100000, 0x00000000bb100000, 0x00000000bb200000|  0%| F|  |TAMS 0x00000000bb100000| PB 0x00000000bb100000| Untracked 
| 434|0x00000000bb200000, 0x00000000bb200000, 0x00000000bb300000|  0%| F|  |TAMS 0x00000000bb200000| PB 0x00000000bb200000| Untracked 
| 435|0x00000000bb300000, 0x00000000bb300000, 0x00000000bb400000|  0%| F|  |TAMS 0x00000000bb300000| PB 0x00000000bb300000| Untracked 
| 436|0x00000000bb400000, 0x00000000bb400000, 0x00000000bb500000|  0%| F|  |TAMS 0x00000000bb400000| PB 0x00000000bb400000| Untracked 
| 437|0x00000000bb500000, 0x00000000bb500000, 0x00000000bb600000|  0%| F|  |TAMS 0x00000000bb500000| PB 0x00000000bb500000| Untracked 
| 438|0x00000000bb600000, 0x00000000bb600000, 0x00000000bb700000|  0%| F|  |TAMS 0x00000000bb600000| PB 0x00000000bb600000| Untracked 
| 439|0x00000000bb700000, 0x00000000bb700000, 0x00000000bb800000|  0%| F|  |TAMS 0x00000000bb700000| PB 0x00000000bb700000| Untracked 
| 440|0x00000000bb800000, 0x00000000bb800000, 0x00000000bb900000|  0%| F|  |TAMS 0x00000000bb800000| PB 0x00000000bb800000| Untracked 
| 441|0x00000000bb900000, 0x00000000bb900000, 0x00000000bba00000|  0%| F|  |TAMS 0x00000000bb900000| PB 0x00000000bb900000| Untracked 
| 442|0x00000000bba00000, 0x00000000bba00000, 0x00000000bbb00000|  0%| F|  |TAMS 0x00000000bba00000| PB 0x00000000bba00000| Untracked 
| 443|0x00000000bbb00000, 0x00000000bbb00000, 0x00000000bbc00000|  0%| F|  |TAMS 0x00000000bbb00000| PB 0x00000000bbb00000| Untracked 
| 444|0x00000000bbc00000, 0x00000000bbc00000, 0x00000000bbd00000|  0%| F|  |TAMS 0x00000000bbc00000| PB 0x00000000bbc00000| Untracked 
| 445|0x00000000bbd00000, 0x00000000bbd00000, 0x00000000bbe00000|  0%| F|  |TAMS 0x00000000bbd00000| PB 0x00000000bbd00000| Untracked 
| 446|0x00000000bbe00000, 0x00000000bbe00000, 0x00000000bbf00000|  0%| F|  |TAMS 0x00000000bbe00000| PB 0x00000000bbe00000| Untracked 
| 447|0x00000000bbf00000, 0x00000000bbf00000, 0x00000000bc000000|  0%| F|  |TAMS 0x00000000bbf00000| PB 0x00000000bbf00000| Untracked 
| 448|0x00000000bc000000, 0x00000000bc000000, 0x00000000bc100000|  0%| F|  |TAMS 0x00000000bc000000| PB 0x00000000bc000000| Untracked 
| 449|0x00000000bc100000, 0x00000000bc100000, 0x00000000bc200000|  0%| F|  |TAMS 0x00000000bc100000| PB 0x00000000bc100000| Untracked 
| 450|0x00000000bc200000, 0x00000000bc200000, 0x00000000bc300000|  0%| F|  |TAMS 0x00000000bc200000| PB 0x00000000bc200000| Untracked 
| 451|0x00000000bc300000, 0x00000000bc300000, 0x00000000bc400000|  0%| F|  |TAMS 0x00000000bc300000| PB 0x00000000bc300000| Untracked 
| 452|0x00000000bc400000, 0x00000000bc400000, 0x00000000bc500000|  0%| F|  |TAMS 0x00000000bc400000| PB 0x00000000bc400000| Untracked 
| 453|0x00000000bc500000, 0x00000000bc500000, 0x00000000bc600000|  0%| F|  |TAMS 0x00000000bc500000| PB 0x00000000bc500000| Untracked 
| 454|0x00000000bc600000, 0x00000000bc600000, 0x00000000bc700000|  0%| F|  |TAMS 0x00000000bc600000| PB 0x00000000bc600000| Untracked 
| 455|0x00000000bc700000, 0x00000000bc700000, 0x00000000bc800000|  0%| F|  |TAMS 0x00000000bc700000| PB 0x00000000bc700000| Untracked 
| 456|0x00000000bc800000, 0x00000000bc800000, 0x00000000bc900000|  0%| F|  |TAMS 0x00000000bc800000| PB 0x00000000bc800000| Untracked 
| 457|0x00000000bc900000, 0x00000000bc900000, 0x00000000bca00000|  0%| F|  |TAMS 0x00000000bc900000| PB 0x00000000bc900000| Untracked 
| 458|0x00000000bca00000, 0x00000000bca00000, 0x00000000bcb00000|  0%| F|  |TAMS 0x00000000bca00000| PB 0x00000000bca00000| Untracked 
| 459|0x00000000bcb00000, 0x00000000bcb00000, 0x00000000bcc00000|  0%| F|  |TAMS 0x00000000bcb00000| PB 0x00000000bcb00000| Untracked 
| 460|0x00000000bcc00000, 0x00000000bcc00000, 0x00000000bcd00000|  0%| F|  |TAMS 0x00000000bcc00000| PB 0x00000000bcc00000| Untracked 
| 461|0x00000000bcd00000, 0x00000000bcd00000, 0x00000000bce00000|  0%| F|  |TAMS 0x00000000bcd00000| PB 0x00000000bcd00000| Untracked 
| 462|0x00000000bce00000, 0x00000000bce00000, 0x00000000bcf00000|  0%| F|  |TAMS 0x00000000bce00000| PB 0x00000000bce00000| Untracked 
| 463|0x00000000bcf00000, 0x00000000bcf00000, 0x00000000bd000000|  0%| F|  |TAMS 0x00000000bcf00000| PB 0x00000000bcf00000| Untracked 
| 464|0x00000000bd000000, 0x00000000bd000000, 0x00000000bd100000|  0%| F|  |TAMS 0x00000000bd000000| PB 0x00000000bd000000| Untracked 
| 465|0x00000000bd100000, 0x00000000bd100000, 0x00000000bd200000|  0%| F|  |TAMS 0x00000000bd100000| PB 0x00000000bd100000| Untracked 
| 466|0x00000000bd200000, 0x00000000bd200000, 0x00000000bd300000|  0%| F|  |TAMS 0x00000000bd200000| PB 0x00000000bd200000| Untracked 
| 467|0x00000000bd300000, 0x00000000bd300000, 0x00000000bd400000|  0%| F|  |TAMS 0x00000000bd300000| PB 0x00000000bd300000| Untracked 
| 468|0x00000000bd400000, 0x00000000bd400000, 0x00000000bd500000|  0%| F|  |TAMS 0x00000000bd400000| PB 0x00000000bd400000| Untracked 
| 469|0x00000000bd500000, 0x00000000bd500000, 0x00000000bd600000|  0%| F|  |TAMS 0x00000000bd500000| PB 0x00000000bd500000| Untracked 
| 470|0x00000000bd600000, 0x00000000bd600000, 0x00000000bd700000|  0%| F|  |TAMS 0x00000000bd600000| PB 0x00000000bd600000| Untracked 
| 471|0x00000000bd700000, 0x00000000bd700000, 0x00000000bd800000|  0%| F|  |TAMS 0x00000000bd700000| PB 0x00000000bd700000| Untracked 
| 472|0x00000000bd800000, 0x00000000bd800000, 0x00000000bd900000|  0%| F|  |TAMS 0x00000000bd800000| PB 0x00000000bd800000| Untracked 
| 473|0x00000000bd900000, 0x00000000bd900000, 0x00000000bda00000|  0%| F|  |TAMS 0x00000000bd900000| PB 0x00000000bd900000| Untracked 
| 474|0x00000000bda00000, 0x00000000bda00000, 0x00000000bdb00000|  0%| F|  |TAMS 0x00000000bda00000| PB 0x00000000bda00000| Untracked 
| 475|0x00000000bdb00000, 0x00000000bdb00000, 0x00000000bdc00000|  0%| F|  |TAMS 0x00000000bdb00000| PB 0x00000000bdb00000| Untracked 
| 476|0x00000000bdc00000, 0x00000000bdc00000, 0x00000000bdd00000|  0%| F|  |TAMS 0x00000000bdc00000| PB 0x00000000bdc00000| Untracked 
| 477|0x00000000bdd00000, 0x00000000bdd00000, 0x00000000bde00000|  0%| F|  |TAMS 0x00000000bdd00000| PB 0x00000000bdd00000| Untracked 
| 478|0x00000000bde00000, 0x00000000bde00000, 0x00000000bdf00000|  0%| F|  |TAMS 0x00000000bde00000| PB 0x00000000bde00000| Untracked 
| 479|0x00000000bdf00000, 0x00000000bdf00000, 0x00000000be000000|  0%| F|  |TAMS 0x00000000bdf00000| PB 0x00000000bdf00000| Untracked 
| 480|0x00000000be000000, 0x00000000be000000, 0x00000000be100000|  0%| F|  |TAMS 0x00000000be000000| PB 0x00000000be000000| Untracked 
| 481|0x00000000be100000, 0x00000000be100000, 0x00000000be200000|  0%| F|  |TAMS 0x00000000be100000| PB 0x00000000be100000| Untracked 
| 482|0x00000000be200000, 0x00000000be200000, 0x00000000be300000|  0%| F|  |TAMS 0x00000000be200000| PB 0x00000000be200000| Untracked 
| 483|0x00000000be300000, 0x00000000be300000, 0x00000000be400000|  0%| F|  |TAMS 0x00000000be300000| PB 0x00000000be300000| Untracked 
| 484|0x00000000be400000, 0x00000000be400000, 0x00000000be500000|  0%| F|  |TAMS 0x00000000be400000| PB 0x00000000be400000| Untracked 
| 485|0x00000000be500000, 0x00000000be500000, 0x00000000be600000|  0%| F|  |TAMS 0x00000000be500000| PB 0x00000000be500000| Untracked 
| 486|0x00000000be600000, 0x00000000be600000, 0x00000000be700000|  0%| F|  |TAMS 0x00000000be600000| PB 0x00000000be600000| Untracked 
| 487|0x00000000be700000, 0x00000000be700000, 0x00000000be800000|  0%| F|  |TAMS 0x00000000be700000| PB 0x00000000be700000| Untracked 
| 488|0x00000000be800000, 0x00000000be800000, 0x00000000be900000|  0%| F|  |TAMS 0x00000000be800000| PB 0x00000000be800000| Untracked 
| 489|0x00000000be900000, 0x00000000be900000, 0x00000000bea00000|  0%| F|  |TAMS 0x00000000be900000| PB 0x00000000be900000| Untracked 
| 490|0x00000000bea00000, 0x00000000bea00000, 0x00000000beb00000|  0%| F|  |TAMS 0x00000000bea00000| PB 0x00000000bea00000| Untracked 
| 491|0x00000000beb00000, 0x00000000beb00000, 0x00000000bec00000|  0%| F|  |TAMS 0x00000000beb00000| PB 0x00000000beb00000| Untracked 
| 492|0x00000000bec00000, 0x00000000bec00000, 0x00000000bed00000|  0%| F|  |TAMS 0x00000000bec00000| PB 0x00000000bec00000| Untracked 
| 493|0x00000000bed00000, 0x00000000bed00000, 0x00000000bee00000|  0%| F|  |TAMS 0x00000000bed00000| PB 0x00000000bed00000| Untracked 
| 494|0x00000000bee00000, 0x00000000bee00000, 0x00000000bef00000|  0%| F|  |TAMS 0x00000000bee00000| PB 0x00000000bee00000| Untracked 
| 495|0x00000000bef00000, 0x00000000bef00000, 0x00000000bf000000|  0%| F|  |TAMS 0x00000000bef00000| PB 0x00000000bef00000| Untracked 
| 496|0x00000000bf000000, 0x00000000bf000000, 0x00000000bf100000|  0%| F|  |TAMS 0x00000000bf000000| PB 0x00000000bf000000| Untracked 
| 497|0x00000000bf100000, 0x00000000bf100000, 0x00000000bf200000|  0%| F|  |TAMS 0x00000000bf100000| PB 0x00000000bf100000| Untracked 
| 498|0x00000000bf200000, 0x00000000bf200000, 0x00000000bf300000|  0%| F|  |TAMS 0x00000000bf200000| PB 0x00000000bf200000| Untracked 
| 499|0x00000000bf300000, 0x00000000bf300000, 0x00000000bf400000|  0%| F|  |TAMS 0x00000000bf300000| PB 0x00000000bf300000| Untracked 
| 500|0x00000000bf400000, 0x00000000bf400000, 0x00000000bf500000|  0%| F|  |TAMS 0x00000000bf400000| PB 0x00000000bf400000| Untracked 
| 501|0x00000000bf500000, 0x00000000bf500000, 0x00000000bf600000|  0%| F|  |TAMS 0x00000000bf500000| PB 0x00000000bf500000| Untracked 
| 502|0x00000000bf600000, 0x00000000bf600000, 0x00000000bf700000|  0%| F|  |TAMS 0x00000000bf600000| PB 0x00000000bf600000| Untracked 
| 503|0x00000000bf700000, 0x00000000bf700000, 0x00000000bf800000|  0%| F|  |TAMS 0x00000000bf700000| PB 0x00000000bf700000| Untracked 
| 504|0x00000000bf800000, 0x00000000bf800000, 0x00000000bf900000|  0%| F|  |TAMS 0x00000000bf800000| PB 0x00000000bf800000| Untracked 
| 505|0x00000000bf900000, 0x00000000bf900000, 0x00000000bfa00000|  0%| F|  |TAMS 0x00000000bf900000| PB 0x00000000bf900000| Untracked 
| 506|0x00000000bfa00000, 0x00000000bfa00000, 0x00000000bfb00000|  0%| F|  |TAMS 0x00000000bfa00000| PB 0x00000000bfa00000| Untracked 
| 507|0x00000000bfb00000, 0x00000000bfb00000, 0x00000000bfc00000|  0%| F|  |TAMS 0x00000000bfb00000| PB 0x00000000bfb00000| Untracked 
| 508|0x00000000bfc00000, 0x00000000bfc00000, 0x00000000bfd00000|  0%| F|  |TAMS 0x00000000bfc00000| PB 0x00000000bfc00000| Untracked 
| 509|0x00000000bfd00000, 0x00000000bfd00000, 0x00000000bfe00000|  0%| F|  |TAMS 0x00000000bfd00000| PB 0x00000000bfd00000| Untracked 
| 510|0x00000000bfe00000, 0x00000000bfe00000, 0x00000000bff00000|  0%| F|  |TAMS 0x00000000bfe00000| PB 0x00000000bfe00000| Untracked 
| 511|0x00000000bff00000, 0x00000000bff00000, 0x00000000c0000000|  0%| F|  |TAMS 0x00000000bff00000| PB 0x00000000bff00000| Untracked 
| 512|0x00000000c0000000, 0x00000000c0000000, 0x00000000c0100000|  0%| F|  |TAMS 0x00000000c0000000| PB 0x00000000c0000000| Untracked 
| 513|0x00000000c0100000, 0x00000000c0100000, 0x00000000c0200000|  0%| F|  |TAMS 0x00000000c0100000| PB 0x00000000c0100000| Untracked 
| 514|0x00000000c0200000, 0x00000000c0200000, 0x00000000c0300000|  0%| F|  |TAMS 0x00000000c0200000| PB 0x00000000c0200000| Untracked 
| 515|0x00000000c0300000, 0x00000000c0300000, 0x00000000c0400000|  0%| F|  |TAMS 0x00000000c0300000| PB 0x00000000c0300000| Untracked 
| 516|0x00000000c0400000, 0x00000000c0400000, 0x00000000c0500000|  0%| F|  |TAMS 0x00000000c0400000| PB 0x00000000c0400000| Untracked 
| 517|0x00000000c0500000, 0x00000000c0500000, 0x00000000c0600000|  0%| F|  |TAMS 0x00000000c0500000| PB 0x00000000c0500000| Untracked 
| 518|0x00000000c0600000, 0x00000000c0600000, 0x00000000c0700000|  0%| F|  |TAMS 0x00000000c0600000| PB 0x00000000c0600000| Untracked 
| 519|0x00000000c0700000, 0x00000000c0700000, 0x00000000c0800000|  0%| F|  |TAMS 0x00000000c0700000| PB 0x00000000c0700000| Untracked 
| 520|0x00000000c0800000, 0x00000000c0800000, 0x00000000c0900000|  0%| F|  |TAMS 0x00000000c0800000| PB 0x00000000c0800000| Untracked 
| 521|0x00000000c0900000, 0x00000000c0900000, 0x00000000c0a00000|  0%| F|  |TAMS 0x00000000c0900000| PB 0x00000000c0900000| Untracked 
| 522|0x00000000c0a00000, 0x00000000c0a00000, 0x00000000c0b00000|  0%| F|  |TAMS 0x00000000c0a00000| PB 0x00000000c0a00000| Untracked 
| 523|0x00000000c0b00000, 0x00000000c0b00000, 0x00000000c0c00000|  0%| F|  |TAMS 0x00000000c0b00000| PB 0x00000000c0b00000| Untracked 
| 524|0x00000000c0c00000, 0x00000000c0c00000, 0x00000000c0d00000|  0%| F|  |TAMS 0x00000000c0c00000| PB 0x00000000c0c00000| Untracked 
| 525|0x00000000c0d00000, 0x00000000c0d00000, 0x00000000c0e00000|  0%| F|  |TAMS 0x00000000c0d00000| PB 0x00000000c0d00000| Untracked 
| 526|0x00000000c0e00000, 0x00000000c0e00000, 0x00000000c0f00000|  0%| F|  |TAMS 0x00000000c0e00000| PB 0x00000000c0e00000| Untracked 
| 527|0x00000000c0f00000, 0x00000000c0f00000, 0x00000000c1000000|  0%| F|  |TAMS 0x00000000c0f00000| PB 0x00000000c0f00000| Untracked 
| 528|0x00000000c1000000, 0x00000000c1000000, 0x00000000c1100000|  0%| F|  |TAMS 0x00000000c1000000| PB 0x00000000c1000000| Untracked 
| 529|0x00000000c1100000, 0x00000000c1100000, 0x00000000c1200000|  0%| F|  |TAMS 0x00000000c1100000| PB 0x00000000c1100000| Untracked 
| 530|0x00000000c1200000, 0x00000000c1200000, 0x00000000c1300000|  0%| F|  |TAMS 0x00000000c1200000| PB 0x00000000c1200000| Untracked 
| 531|0x00000000c1300000, 0x00000000c1300000, 0x00000000c1400000|  0%| F|  |TAMS 0x00000000c1300000| PB 0x00000000c1300000| Untracked 
| 532|0x00000000c1400000, 0x00000000c1400000, 0x00000000c1500000|  0%| F|  |TAMS 0x00000000c1400000| PB 0x00000000c1400000| Untracked 
| 533|0x00000000c1500000, 0x00000000c1500000, 0x00000000c1600000|  0%| F|  |TAMS 0x00000000c1500000| PB 0x00000000c1500000| Untracked 
| 534|0x00000000c1600000, 0x00000000c1600000, 0x00000000c1700000|  0%| F|  |TAMS 0x00000000c1600000| PB 0x00000000c1600000| Untracked 
| 535|0x00000000c1700000, 0x00000000c1700000, 0x00000000c1800000|  0%| F|  |TAMS 0x00000000c1700000| PB 0x00000000c1700000| Untracked 
| 536|0x00000000c1800000, 0x00000000c1800000, 0x00000000c1900000|  0%| F|  |TAMS 0x00000000c1800000| PB 0x00000000c1800000| Untracked 
| 537|0x00000000c1900000, 0x00000000c1900000, 0x00000000c1a00000|  0%| F|  |TAMS 0x00000000c1900000| PB 0x00000000c1900000| Untracked 
| 538|0x00000000c1a00000, 0x00000000c1a00000, 0x00000000c1b00000|  0%| F|  |TAMS 0x00000000c1a00000| PB 0x00000000c1a00000| Untracked 
| 539|0x00000000c1b00000, 0x00000000c1b00000, 0x00000000c1c00000|  0%| F|  |TAMS 0x00000000c1b00000| PB 0x00000000c1b00000| Untracked 
| 540|0x00000000c1c00000, 0x00000000c1c00000, 0x00000000c1d00000|  0%| F|  |TAMS 0x00000000c1c00000| PB 0x00000000c1c00000| Untracked 
| 541|0x00000000c1d00000, 0x00000000c1d00000, 0x00000000c1e00000|  0%| F|  |TAMS 0x00000000c1d00000| PB 0x00000000c1d00000| Untracked 
| 542|0x00000000c1e00000, 0x00000000c1e00000, 0x00000000c1f00000|  0%| F|  |TAMS 0x00000000c1e00000| PB 0x00000000c1e00000| Untracked 
| 543|0x00000000c1f00000, 0x00000000c1f00000, 0x00000000c2000000|  0%| F|  |TAMS 0x00000000c1f00000| PB 0x00000000c1f00000| Untracked 
| 544|0x00000000c2000000, 0x00000000c2000000, 0x00000000c2100000|  0%| F|  |TAMS 0x00000000c2000000| PB 0x00000000c2000000| Untracked 
| 545|0x00000000c2100000, 0x00000000c2100000, 0x00000000c2200000|  0%| F|  |TAMS 0x00000000c2100000| PB 0x00000000c2100000| Untracked 
| 546|0x00000000c2200000, 0x00000000c2200000, 0x00000000c2300000|  0%| F|  |TAMS 0x00000000c2200000| PB 0x00000000c2200000| Untracked 
| 547|0x00000000c2300000, 0x00000000c2300000, 0x00000000c2400000|  0%| F|  |TAMS 0x00000000c2300000| PB 0x00000000c2300000| Untracked 
| 548|0x00000000c2400000, 0x00000000c2400000, 0x00000000c2500000|  0%| F|  |TAMS 0x00000000c2400000| PB 0x00000000c2400000| Untracked 
| 549|0x00000000c2500000, 0x00000000c2500000, 0x00000000c2600000|  0%| F|  |TAMS 0x00000000c2500000| PB 0x00000000c2500000| Untracked 
| 550|0x00000000c2600000, 0x00000000c2600000, 0x00000000c2700000|  0%| F|  |TAMS 0x00000000c2600000| PB 0x00000000c2600000| Untracked 
| 551|0x00000000c2700000, 0x00000000c2700000, 0x00000000c2800000|  0%| F|  |TAMS 0x00000000c2700000| PB 0x00000000c2700000| Untracked 
| 552|0x00000000c2800000, 0x00000000c2800000, 0x00000000c2900000|  0%| F|  |TAMS 0x00000000c2800000| PB 0x00000000c2800000| Untracked 
| 553|0x00000000c2900000, 0x00000000c2900000, 0x00000000c2a00000|  0%| F|  |TAMS 0x00000000c2900000| PB 0x00000000c2900000| Untracked 
| 554|0x00000000c2a00000, 0x00000000c2a00000, 0x00000000c2b00000|  0%| F|  |TAMS 0x00000000c2a00000| PB 0x00000000c2a00000| Untracked 
| 555|0x00000000c2b00000, 0x00000000c2b00000, 0x00000000c2c00000|  0%| F|  |TAMS 0x00000000c2b00000| PB 0x00000000c2b00000| Untracked 
| 556|0x00000000c2c00000, 0x00000000c2c00000, 0x00000000c2d00000|  0%| F|  |TAMS 0x00000000c2c00000| PB 0x00000000c2c00000| Untracked 
| 557|0x00000000c2d00000, 0x00000000c2d00000, 0x00000000c2e00000|  0%| F|  |TAMS 0x00000000c2d00000| PB 0x00000000c2d00000| Untracked 
| 558|0x00000000c2e00000, 0x00000000c2e00000, 0x00000000c2f00000|  0%| F|  |TAMS 0x00000000c2e00000| PB 0x00000000c2e00000| Untracked 
| 559|0x00000000c2f00000, 0x00000000c2f00000, 0x00000000c3000000|  0%| F|  |TAMS 0x00000000c2f00000| PB 0x00000000c2f00000| Untracked 
| 560|0x00000000c3000000, 0x00000000c3000000, 0x00000000c3100000|  0%| F|  |TAMS 0x00000000c3000000| PB 0x00000000c3000000| Untracked 
| 561|0x00000000c3100000, 0x00000000c3100000, 0x00000000c3200000|  0%| F|  |TAMS 0x00000000c3100000| PB 0x00000000c3100000| Untracked 
| 562|0x00000000c3200000, 0x00000000c3200000, 0x00000000c3300000|  0%| F|  |TAMS 0x00000000c3200000| PB 0x00000000c3200000| Untracked 
| 563|0x00000000c3300000, 0x00000000c3300000, 0x00000000c3400000|  0%| F|  |TAMS 0x00000000c3300000| PB 0x00000000c3300000| Untracked 
| 564|0x00000000c3400000, 0x00000000c3400000, 0x00000000c3500000|  0%| F|  |TAMS 0x00000000c3400000| PB 0x00000000c3400000| Untracked 
| 565|0x00000000c3500000, 0x00000000c3500000, 0x00000000c3600000|  0%| F|  |TAMS 0x00000000c3500000| PB 0x00000000c3500000| Untracked 
| 566|0x00000000c3600000, 0x00000000c3600000, 0x00000000c3700000|  0%| F|  |TAMS 0x00000000c3600000| PB 0x00000000c3600000| Untracked 
| 567|0x00000000c3700000, 0x00000000c3700000, 0x00000000c3800000|  0%| F|  |TAMS 0x00000000c3700000| PB 0x00000000c3700000| Untracked 
| 568|0x00000000c3800000, 0x00000000c3800000, 0x00000000c3900000|  0%| F|  |TAMS 0x00000000c3800000| PB 0x00000000c3800000| Untracked 
| 569|0x00000000c3900000, 0x00000000c3900000, 0x00000000c3a00000|  0%| F|  |TAMS 0x00000000c3900000| PB 0x00000000c3900000| Untracked 
| 570|0x00000000c3a00000, 0x00000000c3a00000, 0x00000000c3b00000|  0%| F|  |TAMS 0x00000000c3a00000| PB 0x00000000c3a00000| Untracked 
| 571|0x00000000c3b00000, 0x00000000c3b00000, 0x00000000c3c00000|  0%| F|  |TAMS 0x00000000c3b00000| PB 0x00000000c3b00000| Untracked 
| 572|0x00000000c3c00000, 0x00000000c3c00000, 0x00000000c3d00000|  0%| F|  |TAMS 0x00000000c3c00000| PB 0x00000000c3c00000| Untracked 
| 573|0x00000000c3d00000, 0x00000000c3d00000, 0x00000000c3e00000|  0%| F|  |TAMS 0x00000000c3d00000| PB 0x00000000c3d00000| Untracked 
| 574|0x00000000c3e00000, 0x00000000c3e00000, 0x00000000c3f00000|  0%| F|  |TAMS 0x00000000c3e00000| PB 0x00000000c3e00000| Untracked 
| 575|0x00000000c3f00000, 0x00000000c3f00000, 0x00000000c4000000|  0%| F|  |TAMS 0x00000000c3f00000| PB 0x00000000c3f00000| Untracked 
| 576|0x00000000c4000000, 0x00000000c4000000, 0x00000000c4100000|  0%| F|  |TAMS 0x00000000c4000000| PB 0x00000000c4000000| Untracked 
| 577|0x00000000c4100000, 0x00000000c4100000, 0x00000000c4200000|  0%| F|  |TAMS 0x00000000c4100000| PB 0x00000000c4100000| Untracked 
| 578|0x00000000c4200000, 0x00000000c4200000, 0x00000000c4300000|  0%| F|  |TAMS 0x00000000c4200000| PB 0x00000000c4200000| Untracked 
| 579|0x00000000c4300000, 0x00000000c4300000, 0x00000000c4400000|  0%| F|  |TAMS 0x00000000c4300000| PB 0x00000000c4300000| Untracked 
| 580|0x00000000c4400000, 0x00000000c4400000, 0x00000000c4500000|  0%| F|  |TAMS 0x00000000c4400000| PB 0x00000000c4400000| Untracked 
| 581|0x00000000c4500000, 0x00000000c4500000, 0x00000000c4600000|  0%| F|  |TAMS 0x00000000c4500000| PB 0x00000000c4500000| Untracked 
| 582|0x00000000c4600000, 0x00000000c4600000, 0x00000000c4700000|  0%| F|  |TAMS 0x00000000c4600000| PB 0x00000000c4600000| Untracked 
| 583|0x00000000c4700000, 0x00000000c4700000, 0x00000000c4800000|  0%| F|  |TAMS 0x00000000c4700000| PB 0x00000000c4700000| Untracked 
| 584|0x00000000c4800000, 0x00000000c4800000, 0x00000000c4900000|  0%| F|  |TAMS 0x00000000c4800000| PB 0x00000000c4800000| Untracked 
| 585|0x00000000c4900000, 0x00000000c4900000, 0x00000000c4a00000|  0%| F|  |TAMS 0x00000000c4900000| PB 0x00000000c4900000| Untracked 
| 586|0x00000000c4a00000, 0x00000000c4a00000, 0x00000000c4b00000|  0%| F|  |TAMS 0x00000000c4a00000| PB 0x00000000c4a00000| Untracked 
| 587|0x00000000c4b00000, 0x00000000c4b00000, 0x00000000c4c00000|  0%| F|  |TAMS 0x00000000c4b00000| PB 0x00000000c4b00000| Untracked 
| 588|0x00000000c4c00000, 0x00000000c4c00000, 0x00000000c4d00000|  0%| F|  |TAMS 0x00000000c4c00000| PB 0x00000000c4c00000| Untracked 
| 589|0x00000000c4d00000, 0x00000000c4d00000, 0x00000000c4e00000|  0%| F|  |TAMS 0x00000000c4d00000| PB 0x00000000c4d00000| Untracked 
| 590|0x00000000c4e00000, 0x00000000c4e00000, 0x00000000c4f00000|  0%| F|  |TAMS 0x00000000c4e00000| PB 0x00000000c4e00000| Untracked 
| 591|0x00000000c4f00000, 0x00000000c4f00000, 0x00000000c5000000|  0%| F|  |TAMS 0x00000000c4f00000| PB 0x00000000c4f00000| Untracked 
| 592|0x00000000c5000000, 0x00000000c5000000, 0x00000000c5100000|  0%| F|  |TAMS 0x00000000c5000000| PB 0x00000000c5000000| Untracked 
| 593|0x00000000c5100000, 0x00000000c5100000, 0x00000000c5200000|  0%| F|  |TAMS 0x00000000c5100000| PB 0x00000000c5100000| Untracked 
| 594|0x00000000c5200000, 0x00000000c5200000, 0x00000000c5300000|  0%| F|  |TAMS 0x00000000c5200000| PB 0x00000000c5200000| Untracked 
| 595|0x00000000c5300000, 0x00000000c5300000, 0x00000000c5400000|  0%| F|  |TAMS 0x00000000c5300000| PB 0x00000000c5300000| Untracked 
| 596|0x00000000c5400000, 0x00000000c5400000, 0x00000000c5500000|  0%| F|  |TAMS 0x00000000c5400000| PB 0x00000000c5400000| Untracked 
| 597|0x00000000c5500000, 0x00000000c5500000, 0x00000000c5600000|  0%| F|  |TAMS 0x00000000c5500000| PB 0x00000000c5500000| Untracked 
| 598|0x00000000c5600000, 0x00000000c5600000, 0x00000000c5700000|  0%| F|  |TAMS 0x00000000c5600000| PB 0x00000000c5600000| Untracked 
| 599|0x00000000c5700000, 0x00000000c5700000, 0x00000000c5800000|  0%| F|  |TAMS 0x00000000c5700000| PB 0x00000000c5700000| Untracked 
| 600|0x00000000c5800000, 0x00000000c5800000, 0x00000000c5900000|  0%| F|  |TAMS 0x00000000c5800000| PB 0x00000000c5800000| Untracked 
| 601|0x00000000c5900000, 0x00000000c5900000, 0x00000000c5a00000|  0%| F|  |TAMS 0x00000000c5900000| PB 0x00000000c5900000| Untracked 
| 602|0x00000000c5a00000, 0x00000000c5a00000, 0x00000000c5b00000|  0%| F|  |TAMS 0x00000000c5a00000| PB 0x00000000c5a00000| Untracked 
| 603|0x00000000c5b00000, 0x00000000c5b00000, 0x00000000c5c00000|  0%| F|  |TAMS 0x00000000c5b00000| PB 0x00000000c5b00000| Untracked 
| 604|0x00000000c5c00000, 0x00000000c5c00000, 0x00000000c5d00000|  0%| F|  |TAMS 0x00000000c5c00000| PB 0x00000000c5c00000| Untracked 
| 605|0x00000000c5d00000, 0x00000000c5d00000, 0x00000000c5e00000|  0%| F|  |TAMS 0x00000000c5d00000| PB 0x00000000c5d00000| Untracked 
| 606|0x00000000c5e00000, 0x00000000c5e00000, 0x00000000c5f00000|  0%| F|  |TAMS 0x00000000c5e00000| PB 0x00000000c5e00000| Untracked 
| 607|0x00000000c5f00000, 0x00000000c5f00000, 0x00000000c6000000|  0%| F|  |TAMS 0x00000000c5f00000| PB 0x00000000c5f00000| Untracked 
| 608|0x00000000c6000000, 0x00000000c6000000, 0x00000000c6100000|  0%| F|  |TAMS 0x00000000c6000000| PB 0x00000000c6000000| Untracked 
| 609|0x00000000c6100000, 0x00000000c6100000, 0x00000000c6200000|  0%| F|  |TAMS 0x00000000c6100000| PB 0x00000000c6100000| Untracked 
| 610|0x00000000c6200000, 0x00000000c6200000, 0x00000000c6300000|  0%| F|  |TAMS 0x00000000c6200000| PB 0x00000000c6200000| Untracked 
| 611|0x00000000c6300000, 0x00000000c6300000, 0x00000000c6400000|  0%| F|  |TAMS 0x00000000c6300000| PB 0x00000000c6300000| Untracked 
| 612|0x00000000c6400000, 0x00000000c6400000, 0x00000000c6500000|  0%| F|  |TAMS 0x00000000c6400000| PB 0x00000000c6400000| Untracked 
| 613|0x00000000c6500000, 0x00000000c6500000, 0x00000000c6600000|  0%| F|  |TAMS 0x00000000c6500000| PB 0x00000000c6500000| Untracked 
| 614|0x00000000c6600000, 0x00000000c6600000, 0x00000000c6700000|  0%| F|  |TAMS 0x00000000c6600000| PB 0x00000000c6600000| Untracked 
| 615|0x00000000c6700000, 0x00000000c6700000, 0x00000000c6800000|  0%| F|  |TAMS 0x00000000c6700000| PB 0x00000000c6700000| Untracked 
| 616|0x00000000c6800000, 0x00000000c6800000, 0x00000000c6900000|  0%| F|  |TAMS 0x00000000c6800000| PB 0x00000000c6800000| Untracked 
| 617|0x00000000c6900000, 0x00000000c6900000, 0x00000000c6a00000|  0%| F|  |TAMS 0x00000000c6900000| PB 0x00000000c6900000| Untracked 
| 618|0x00000000c6a00000, 0x00000000c6a00000, 0x00000000c6b00000|  0%| F|  |TAMS 0x00000000c6a00000| PB 0x00000000c6a00000| Untracked 
| 619|0x00000000c6b00000, 0x00000000c6b00000, 0x00000000c6c00000|  0%| F|  |TAMS 0x00000000c6b00000| PB 0x00000000c6b00000| Untracked 
| 620|0x00000000c6c00000, 0x00000000c6c00000, 0x00000000c6d00000|  0%| F|  |TAMS 0x00000000c6c00000| PB 0x00000000c6c00000| Untracked 
| 621|0x00000000c6d00000, 0x00000000c6d00000, 0x00000000c6e00000|  0%| F|  |TAMS 0x00000000c6d00000| PB 0x00000000c6d00000| Untracked 
| 622|0x00000000c6e00000, 0x00000000c6e00000, 0x00000000c6f00000|  0%| F|  |TAMS 0x00000000c6e00000| PB 0x00000000c6e00000| Untracked 
| 623|0x00000000c6f00000, 0x00000000c6f00000, 0x00000000c7000000|  0%| F|  |TAMS 0x00000000c6f00000| PB 0x00000000c6f00000| Untracked 
| 624|0x00000000c7000000, 0x00000000c7000000, 0x00000000c7100000|  0%| F|  |TAMS 0x00000000c7000000| PB 0x00000000c7000000| Untracked 
| 625|0x00000000c7100000, 0x00000000c7100000, 0x00000000c7200000|  0%| F|  |TAMS 0x00000000c7100000| PB 0x00000000c7100000| Untracked 
| 626|0x00000000c7200000, 0x00000000c7200000, 0x00000000c7300000|  0%| F|  |TAMS 0x00000000c7200000| PB 0x00000000c7200000| Untracked 
| 627|0x00000000c7300000, 0x00000000c7300000, 0x00000000c7400000|  0%| F|  |TAMS 0x00000000c7300000| PB 0x00000000c7300000| Untracked 
| 628|0x00000000c7400000, 0x00000000c7400000, 0x00000000c7500000|  0%| F|  |TAMS 0x00000000c7400000| PB 0x00000000c7400000| Untracked 
| 629|0x00000000c7500000, 0x00000000c7500000, 0x00000000c7600000|  0%| F|  |TAMS 0x00000000c7500000| PB 0x00000000c7500000| Untracked 
| 630|0x00000000c7600000, 0x00000000c7600000, 0x00000000c7700000|  0%| F|  |TAMS 0x00000000c7600000| PB 0x00000000c7600000| Untracked 
| 631|0x00000000c7700000, 0x00000000c7700000, 0x00000000c7800000|  0%| F|  |TAMS 0x00000000c7700000| PB 0x00000000c7700000| Untracked 
| 632|0x00000000c7800000, 0x00000000c7800000, 0x00000000c7900000|  0%| F|  |TAMS 0x00000000c7800000| PB 0x00000000c7800000| Untracked 
| 633|0x00000000c7900000, 0x00000000c7900000, 0x00000000c7a00000|  0%| F|  |TAMS 0x00000000c7900000| PB 0x00000000c7900000| Untracked 
| 634|0x00000000c7a00000, 0x00000000c7a00000, 0x00000000c7b00000|  0%| F|  |TAMS 0x00000000c7a00000| PB 0x00000000c7a00000| Untracked 
| 635|0x00000000c7b00000, 0x00000000c7b00000, 0x00000000c7c00000|  0%| F|  |TAMS 0x00000000c7b00000| PB 0x00000000c7b00000| Untracked 
| 636|0x00000000c7c00000, 0x00000000c7c00000, 0x00000000c7d00000|  0%| F|  |TAMS 0x00000000c7c00000| PB 0x00000000c7c00000| Untracked 
| 637|0x00000000c7d00000, 0x00000000c7d00000, 0x00000000c7e00000|  0%| F|  |TAMS 0x00000000c7d00000| PB 0x00000000c7d00000| Untracked 
| 638|0x00000000c7e00000, 0x00000000c7e7e2b8, 0x00000000c7f00000| 49%| S|CS|TAMS 0x00000000c7e00000| PB 0x00000000c7e00000| Complete 
| 639|0x00000000c7f00000, 0x00000000c8000000, 0x00000000c8000000|100%| S|CS|TAMS 0x00000000c7f00000| PB 0x00000000c7f00000| Complete 
| 640|0x00000000c8000000, 0x00000000c8100000, 0x00000000c8100000|100%| S|CS|TAMS 0x00000000c8000000| PB 0x00000000c8000000| Complete 
| 641|0x00000000c8100000, 0x00000000c8200000, 0x00000000c8200000|100%| S|CS|TAMS 0x00000000c8100000| PB 0x00000000c8100000| Complete 
| 642|0x00000000c8200000, 0x00000000c8300000, 0x00000000c8300000|100%| S|CS|TAMS 0x00000000c8200000| PB 0x00000000c8200000| Complete 
| 643|0x00000000c8300000, 0x00000000c8400000, 0x00000000c8400000|100%| S|CS|TAMS 0x00000000c8300000| PB 0x00000000c8300000| Complete 
| 644|0x00000000c8400000, 0x00000000c8500000, 0x00000000c8500000|100%| S|CS|TAMS 0x00000000c8400000| PB 0x00000000c8400000| Complete 
| 645|0x00000000c8500000, 0x00000000c8600000, 0x00000000c8600000|100%| S|CS|TAMS 0x00000000c8500000| PB 0x00000000c8500000| Complete 
| 646|0x00000000c8600000, 0x00000000c8700000, 0x00000000c8700000|100%| S|CS|TAMS 0x00000000c8600000| PB 0x00000000c8600000| Complete 
| 647|0x00000000c8700000, 0x00000000c8800000, 0x00000000c8800000|100%| S|CS|TAMS 0x00000000c8700000| PB 0x00000000c8700000| Complete 
| 648|0x00000000c8800000, 0x00000000c8900000, 0x00000000c8900000|100%| S|CS|TAMS 0x00000000c8800000| PB 0x00000000c8800000| Complete 
| 649|0x00000000c8900000, 0x00000000c8900000, 0x00000000c8a00000|  0%| F|  |TAMS 0x00000000c8900000| PB 0x00000000c8900000| Untracked 
| 650|0x00000000c8a00000, 0x00000000c8a00000, 0x00000000c8b00000|  0%| F|  |TAMS 0x00000000c8a00000| PB 0x00000000c8a00000| Untracked 
| 651|0x00000000c8b00000, 0x00000000c8b00000, 0x00000000c8c00000|  0%| F|  |TAMS 0x00000000c8b00000| PB 0x00000000c8b00000| Untracked 
| 652|0x00000000c8c00000, 0x00000000c8c00000, 0x00000000c8d00000|  0%| F|  |TAMS 0x00000000c8c00000| PB 0x00000000c8c00000| Untracked 
| 653|0x00000000c8d00000, 0x00000000c8d00000, 0x00000000c8e00000|  0%| F|  |TAMS 0x00000000c8d00000| PB 0x00000000c8d00000| Untracked 
| 654|0x00000000c8e00000, 0x00000000c8e00000, 0x00000000c8f00000|  0%| F|  |TAMS 0x00000000c8e00000| PB 0x00000000c8e00000| Untracked 
| 655|0x00000000c8f00000, 0x00000000c8f00000, 0x00000000c9000000|  0%| F|  |TAMS 0x00000000c8f00000| PB 0x00000000c8f00000| Untracked 
| 656|0x00000000c9000000, 0x00000000c9000000, 0x00000000c9100000|  0%| F|  |TAMS 0x00000000c9000000| PB 0x00000000c9000000| Untracked 
| 657|0x00000000c9100000, 0x00000000c9100000, 0x00000000c9200000|  0%| F|  |TAMS 0x00000000c9100000| PB 0x00000000c9100000| Untracked 
| 658|0x00000000c9200000, 0x00000000c9200000, 0x00000000c9300000|  0%| F|  |TAMS 0x00000000c9200000| PB 0x00000000c9200000| Untracked 
| 659|0x00000000c9300000, 0x00000000c9300000, 0x00000000c9400000|  0%| F|  |TAMS 0x00000000c9300000| PB 0x00000000c9300000| Untracked 
| 660|0x00000000c9400000, 0x00000000c9400000, 0x00000000c9500000|  0%| F|  |TAMS 0x00000000c9400000| PB 0x00000000c9400000| Untracked 
| 661|0x00000000c9500000, 0x00000000c9500000, 0x00000000c9600000|  0%| F|  |TAMS 0x00000000c9500000| PB 0x00000000c9500000| Untracked 
| 662|0x00000000c9600000, 0x00000000c9600000, 0x00000000c9700000|  0%| F|  |TAMS 0x00000000c9600000| PB 0x00000000c9600000| Untracked 
| 663|0x00000000c9700000, 0x00000000c9700000, 0x00000000c9800000|  0%| F|  |TAMS 0x00000000c9700000| PB 0x00000000c9700000| Untracked 
| 664|0x00000000c9800000, 0x00000000c9800000, 0x00000000c9900000|  0%| F|  |TAMS 0x00000000c9800000| PB 0x00000000c9800000| Untracked 
| 665|0x00000000c9900000, 0x00000000c9900000, 0x00000000c9a00000|  0%| F|  |TAMS 0x00000000c9900000| PB 0x00000000c9900000| Untracked 
| 666|0x00000000c9a00000, 0x00000000c9a00000, 0x00000000c9b00000|  0%| F|  |TAMS 0x00000000c9a00000| PB 0x00000000c9a00000| Untracked 
| 667|0x00000000c9b00000, 0x00000000c9b00000, 0x00000000c9c00000|  0%| F|  |TAMS 0x00000000c9b00000| PB 0x00000000c9b00000| Untracked 
| 668|0x00000000c9c00000, 0x00000000c9c00000, 0x00000000c9d00000|  0%| F|  |TAMS 0x00000000c9c00000| PB 0x00000000c9c00000| Untracked 
| 669|0x00000000c9d00000, 0x00000000c9d00000, 0x00000000c9e00000|  0%| F|  |TAMS 0x00000000c9d00000| PB 0x00000000c9d00000| Untracked 
| 670|0x00000000c9e00000, 0x00000000c9e00000, 0x00000000c9f00000|  0%| F|  |TAMS 0x00000000c9e00000| PB 0x00000000c9e00000| Untracked 
| 671|0x00000000c9f00000, 0x00000000c9f00000, 0x00000000ca000000|  0%| F|  |TAMS 0x00000000c9f00000| PB 0x00000000c9f00000| Untracked 
| 672|0x00000000ca000000, 0x00000000ca000000, 0x00000000ca100000|  0%| F|  |TAMS 0x00000000ca000000| PB 0x00000000ca000000| Untracked 
| 673|0x00000000ca100000, 0x00000000ca180000, 0x00000000ca200000| 50%| E|  |TAMS 0x00000000ca100000| PB 0x00000000ca100000| Complete 
| 674|0x00000000ca200000, 0x00000000ca300000, 0x00000000ca300000|100%| E|CS|TAMS 0x00000000ca200000| PB 0x00000000ca200000| Complete 
| 675|0x00000000ca300000, 0x00000000ca400000, 0x00000000ca400000|100%| E|CS|TAMS 0x00000000ca300000| PB 0x00000000ca300000| Complete 
| 676|0x00000000ca400000, 0x00000000ca500000, 0x00000000ca500000|100%| E|CS|TAMS 0x00000000ca400000| PB 0x00000000ca400000| Complete 
| 677|0x00000000ca500000, 0x00000000ca600000, 0x00000000ca600000|100%| E|CS|TAMS 0x00000000ca500000| PB 0x00000000ca500000| Complete 
| 678|0x00000000ca600000, 0x00000000ca700000, 0x00000000ca700000|100%| E|CS|TAMS 0x00000000ca600000| PB 0x00000000ca600000| Complete 
| 679|0x00000000ca700000, 0x00000000ca800000, 0x00000000ca800000|100%| E|CS|TAMS 0x00000000ca700000| PB 0x00000000ca700000| Complete 
| 680|0x00000000ca800000, 0x00000000ca900000, 0x00000000ca900000|100%| E|CS|TAMS 0x00000000ca800000| PB 0x00000000ca800000| Complete 
| 681|0x00000000ca900000, 0x00000000caa00000, 0x00000000caa00000|100%| E|CS|TAMS 0x00000000ca900000| PB 0x00000000ca900000| Complete 
| 682|0x00000000caa00000, 0x00000000cab00000, 0x00000000cab00000|100%| E|CS|TAMS 0x00000000caa00000| PB 0x00000000caa00000| Complete 
| 683|0x00000000cab00000, 0x00000000cac00000, 0x00000000cac00000|100%| E|CS|TAMS 0x00000000cab00000| PB 0x00000000cab00000| Complete 
| 684|0x00000000cac00000, 0x00000000cad00000, 0x00000000cad00000|100%| E|CS|TAMS 0x00000000cac00000| PB 0x00000000cac00000| Complete 
| 685|0x00000000cad00000, 0x00000000cae00000, 0x00000000cae00000|100%| E|CS|TAMS 0x00000000cad00000| PB 0x00000000cad00000| Complete 
| 686|0x00000000cae00000, 0x00000000caf00000, 0x00000000caf00000|100%| E|CS|TAMS 0x00000000cae00000| PB 0x00000000cae00000| Complete 
| 687|0x00000000caf00000, 0x00000000cb000000, 0x00000000cb000000|100%| E|CS|TAMS 0x00000000caf00000| PB 0x00000000caf00000| Complete 
| 688|0x00000000cb000000, 0x00000000cb100000, 0x00000000cb100000|100%| E|CS|TAMS 0x00000000cb000000| PB 0x00000000cb000000| Complete 
| 689|0x00000000cb100000, 0x00000000cb200000, 0x00000000cb200000|100%| E|CS|TAMS 0x00000000cb100000| PB 0x00000000cb100000| Complete 
| 690|0x00000000cb200000, 0x00000000cb300000, 0x00000000cb300000|100%| E|CS|TAMS 0x00000000cb200000| PB 0x00000000cb200000| Complete 
| 691|0x00000000cb300000, 0x00000000cb400000, 0x00000000cb400000|100%| E|CS|TAMS 0x00000000cb300000| PB 0x00000000cb300000| Complete 
| 692|0x00000000cb400000, 0x00000000cb500000, 0x00000000cb500000|100%| E|CS|TAMS 0x00000000cb400000| PB 0x00000000cb400000| Complete 
| 693|0x00000000cb500000, 0x00000000cb600000, 0x00000000cb600000|100%| E|CS|TAMS 0x00000000cb500000| PB 0x00000000cb500000| Complete 
| 694|0x00000000cb600000, 0x00000000cb700000, 0x00000000cb700000|100%| E|CS|TAMS 0x00000000cb600000| PB 0x00000000cb600000| Complete 
| 695|0x00000000cb700000, 0x00000000cb800000, 0x00000000cb800000|100%| E|CS|TAMS 0x00000000cb700000| PB 0x00000000cb700000| Complete 
| 696|0x00000000cb800000, 0x00000000cb900000, 0x00000000cb900000|100%| E|CS|TAMS 0x00000000cb800000| PB 0x00000000cb800000| Complete 
| 697|0x00000000cb900000, 0x00000000cba00000, 0x00000000cba00000|100%| E|CS|TAMS 0x00000000cb900000| PB 0x00000000cb900000| Complete 
| 698|0x00000000cba00000, 0x00000000cbb00000, 0x00000000cbb00000|100%| E|CS|TAMS 0x00000000cba00000| PB 0x00000000cba00000| Complete 
| 699|0x00000000cbb00000, 0x00000000cbc00000, 0x00000000cbc00000|100%| E|CS|TAMS 0x00000000cbb00000| PB 0x00000000cbb00000| Complete 
| 700|0x00000000cbc00000, 0x00000000cbd00000, 0x00000000cbd00000|100%| E|CS|TAMS 0x00000000cbc00000| PB 0x00000000cbc00000| Complete 
| 701|0x00000000cbd00000, 0x00000000cbe00000, 0x00000000cbe00000|100%| E|CS|TAMS 0x00000000cbd00000| PB 0x00000000cbd00000| Complete 
| 702|0x00000000cbe00000, 0x00000000cbf00000, 0x00000000cbf00000|100%| E|CS|TAMS 0x00000000cbe00000| PB 0x00000000cbe00000| Complete 
| 703|0x00000000cbf00000, 0x00000000cc000000, 0x00000000cc000000|100%| E|CS|TAMS 0x00000000cbf00000| PB 0x00000000cbf00000| Complete 
| 704|0x00000000cc000000, 0x00000000cc100000, 0x00000000cc100000|100%| E|CS|TAMS 0x00000000cc000000| PB 0x00000000cc000000| Complete 
| 705|0x00000000cc100000, 0x00000000cc200000, 0x00000000cc200000|100%| E|CS|TAMS 0x00000000cc100000| PB 0x00000000cc100000| Complete 
| 706|0x00000000cc200000, 0x00000000cc300000, 0x00000000cc300000|100%| E|CS|TAMS 0x00000000cc200000| PB 0x00000000cc200000| Complete 
| 707|0x00000000cc300000, 0x00000000cc400000, 0x00000000cc400000|100%| E|CS|TAMS 0x00000000cc300000| PB 0x00000000cc300000| Complete 
| 708|0x00000000cc400000, 0x00000000cc500000, 0x00000000cc500000|100%| E|CS|TAMS 0x00000000cc400000| PB 0x00000000cc400000| Complete 
| 709|0x00000000cc500000, 0x00000000cc600000, 0x00000000cc600000|100%| E|CS|TAMS 0x00000000cc500000| PB 0x00000000cc500000| Complete 
| 710|0x00000000cc600000, 0x00000000cc700000, 0x00000000cc700000|100%| E|CS|TAMS 0x00000000cc600000| PB 0x00000000cc600000| Complete 
| 711|0x00000000cc700000, 0x00000000cc800000, 0x00000000cc800000|100%| E|CS|TAMS 0x00000000cc700000| PB 0x00000000cc700000| Complete 
| 712|0x00000000cc800000, 0x00000000cc900000, 0x00000000cc900000|100%| E|CS|TAMS 0x00000000cc800000| PB 0x00000000cc800000| Complete 
| 713|0x00000000cc900000, 0x00000000cca00000, 0x00000000cca00000|100%| E|CS|TAMS 0x00000000cc900000| PB 0x00000000cc900000| Complete 
| 772|0x00000000d0400000, 0x00000000d0500000, 0x00000000d0500000|100%| E|CS|TAMS 0x00000000d0400000| PB 0x00000000d0400000| Complete 
| 773|0x00000000d0500000, 0x00000000d0600000, 0x00000000d0600000|100%| E|CS|TAMS 0x00000000d0500000| PB 0x00000000d0500000| Complete 
| 774|0x00000000d0600000, 0x00000000d0700000, 0x00000000d0700000|100%| E|CS|TAMS 0x00000000d0600000| PB 0x00000000d0600000| Complete 
| 775|0x00000000d0700000, 0x00000000d0800000, 0x00000000d0800000|100%| E|CS|TAMS 0x00000000d0700000| PB 0x00000000d0700000| Complete 
| 776|0x00000000d0800000, 0x00000000d0900000, 0x00000000d0900000|100%| E|CS|TAMS 0x00000000d0800000| PB 0x00000000d0800000| Complete 
| 777|0x00000000d0900000, 0x00000000d0a00000, 0x00000000d0a00000|100%| E|CS|TAMS 0x00000000d0900000| PB 0x00000000d0900000| Complete 
|1516|0x00000000fec00000, 0x00000000fed00000, 0x00000000fed00000|100%| E|CS|TAMS 0x00000000fec00000| PB 0x00000000fec00000| Complete 
|1517|0x00000000fed00000, 0x00000000fee00000, 0x00000000fee00000|100%| O|  |TAMS 0x00000000fed00000| PB 0x00000000fed00000| Untracked 
|1518|0x00000000fee00000, 0x00000000fef00000, 0x00000000fef00000|100%| O|  |TAMS 0x00000000fee00000| PB 0x00000000fee00000| Untracked 
|1519|0x00000000fef00000, 0x00000000ff000000, 0x00000000ff000000|100%| O|  |TAMS 0x00000000fef00000| PB 0x00000000fef00000| Untracked 
|1520|0x00000000ff000000, 0x00000000ff100000, 0x00000000ff100000|100%| O|  |TAMS 0x00000000ff000000| PB 0x00000000ff000000| Untracked 
|1521|0x00000000ff100000, 0x00000000ff200000, 0x00000000ff200000|100%| O|  |TAMS 0x00000000ff100000| PB 0x00000000ff100000| Untracked 
|1522|0x00000000ff200000, 0x00000000ff300000, 0x00000000ff300000|100%| O|  |TAMS 0x00000000ff200000| PB 0x00000000ff200000| Untracked 
|1523|0x00000000ff300000, 0x00000000ff400000, 0x00000000ff400000|100%| E|CS|TAMS 0x00000000ff300000| PB 0x00000000ff300000| Complete 
|1524|0x00000000ff400000, 0x00000000ff500000, 0x00000000ff500000|100%| O|  |TAMS 0x00000000ff400000| PB 0x00000000ff400000| Untracked 
|1525|0x00000000ff500000, 0x00000000ff600000, 0x00000000ff600000|100%| E|CS|TAMS 0x00000000ff500000| PB 0x00000000ff500000| Complete 
|1526|0x00000000ff600000, 0x00000000ff700000, 0x00000000ff700000|100%| E|CS|TAMS 0x00000000ff600000| PB 0x00000000ff600000| Complete 
|1527|0x00000000ff700000, 0x00000000ff800000, 0x00000000ff800000|100%| E|CS|TAMS 0x00000000ff700000| PB 0x00000000ff700000| Complete 
|1528|0x00000000ff800000, 0x00000000ff900000, 0x00000000ff900000|100%| E|CS|TAMS 0x00000000ff800000| PB 0x00000000ff800000| Complete 
|1529|0x00000000ff900000, 0x00000000ffa00000, 0x00000000ffa00000|100%| E|CS|TAMS 0x00000000ff900000| PB 0x00000000ff900000| Complete 
|1530|0x00000000ffa00000, 0x00000000ffb00000, 0x00000000ffb00000|100%| E|CS|TAMS 0x00000000ffa00000| PB 0x00000000ffa00000| Complete 
|1531|0x00000000ffb00000, 0x00000000ffc00000, 0x00000000ffc00000|100%| E|CS|TAMS 0x00000000ffb00000| PB 0x00000000ffb00000| Complete 
|1532|0x00000000ffc00000, 0x00000000ffd00000, 0x00000000ffd00000|100%| E|CS|TAMS 0x00000000ffc00000| PB 0x00000000ffc00000| Complete 
|1533|0x00000000ffd00000, 0x00000000ffe00000, 0x00000000ffe00000|100%| E|CS|TAMS 0x00000000ffd00000| PB 0x00000000ffd00000| Complete 
|1534|0x00000000ffe00000, 0x00000000fff00000, 0x00000000fff00000|100%| E|CS|TAMS 0x00000000ffe00000| PB 0x00000000ffe00000| Complete 
|1535|0x00000000fff00000, 0x0000000100000000, 0x0000000100000000|100%| E|CS|TAMS 0x00000000fff00000| PB 0x00000000fff00000| Complete 

Card table byte_map: [0x000001f01e330000,0x000001f01e630000] _byte_map_base: 0x000001f01de30000

Marking Bits: (CMBitMap*) 0x000001f0043ce220
 Bits: [0x000001f01e630000, 0x000001f01fe30000)

Polling page: 0x000001f0045a0000

Metaspace:

Usage:
  Non-class:    124.41 MB used.
      Class:     19.56 MB used.
       Both:    143.97 MB used.

Virtual space:
  Non-class space:      128.00 MB reserved,     125.12 MB ( 98%) committed,  2 nodes.
      Class space:        1.00 GB reserved,      20.88 MB (  2%) committed,  1 nodes.
             Both:        1.12 GB reserved,     146.00 MB ( 13%) committed. 

Chunk freelists:
   Non-Class:  2.88 MB
       Class:  11.56 MB
        Both:  14.43 MB

MaxMetaspaceSize: unlimited
CompressedClassSpaceSize: 1.00 GB
Initial GC threshold: 21.00 MB
Current GC threshold: 240.25 MB
CDS: on
 - commit_granule_bytes: 65536.
 - commit_granule_words: 8192.
 - virtual_space_node_default_size: 8388608.
 - enlarge_chunks_in_place: 1.
 - use_allocation_guard: 0.


Internal statistics:

num_allocs_failed_limit: 9.
num_arena_births: 5336.
num_arena_deaths: 2944.
num_vsnodes_births: 3.
num_vsnodes_deaths: 0.
num_space_committed: 2342.
num_space_uncommitted: 5.
num_chunks_returned_to_freelist: 3463.
num_chunks_taken_from_freelist: 12979.
num_chunk_merges: 1237.
num_chunk_splits: 7721.
num_chunks_enlarged: 4905.
num_inconsistent_stats: 0.

CodeHeap 'non-profiled nmethods': size=120000Kb used=16702Kb max_used=16978Kb free=103297Kb
 bounds [0x000001f0167d0000, 0x000001f017880000, 0x000001f01dd00000]
CodeHeap 'profiled nmethods': size=120000Kb used=30917Kb max_used=35694Kb free=89082Kb
 bounds [0x000001f00ed00000, 0x000001f010fe0000, 0x000001f016230000]
CodeHeap 'non-nmethods': size=5760Kb used=2894Kb max_used=3006Kb free=2865Kb
 bounds [0x000001f016230000, 0x000001f016530000, 0x000001f0167d0000]
CodeCache: size=245760Kb, used=50513Kb, max_used=55678Kb, free=195244Kb
 total_blobs=17068, nmethods=15937, adapters=1034, full_count=0
Compilation: enabled, stopped_count=0, restarted_count=0

Compilation events (20 events):
Event: 5090.654 Thread 0x000001f0229101e0 29509       3       com.android.build.gradle.options.ProjectOptions::getProvider (17 bytes)
Event: 5090.655 Thread 0x000001f0229101e0 nmethod 29509 0x000001f00f41d490 code [0x000001f00f41d6e0, 0x000001f00f41e0b8]
Event: 5090.658 Thread 0x000001f0229101e0 29510       3       com.android.build.gradle.tasks.ProcessApplicationManifest_Decorated::$gradleFactory (13 bytes)
Event: 5090.658 Thread 0x000001f0229101e0 nmethod 29510 0x000001f00f5e3810 code [0x000001f00f5e39c0, 0x000001f00f5e3b60]
Event: 5090.658 Thread 0x000001f0229101e0 29511       3       com.android.build.gradle.internal.utils.HasConfigurableValuesKt::setDisallowChanges (49 bytes)
Event: 5090.660 Thread 0x000001f0229101e0 nmethod 29511 0x000001f00f0a0410 code [0x000001f00f0a0700, 0x000001f00f0a1498]
Event: 5090.662 Thread 0x000001f0229101e0 29512       3       org.gradle.api.internal.file.copy.DefaultCopySpec::from (13 bytes)
Event: 5090.665 Thread 0x000001f0229101e0 nmethod 29512 0x000001f0106e4910 code [0x000001f0106e4c00, 0x000001f0106e5de8]
Event: 5090.814 Thread 0x000001f0229101e0 29513   !   3       sun.nio.ch.SelectorImpl::lockAndDoSelect (87 bytes)
Event: 5090.815 Thread 0x000001f0229101e0 nmethod 29513 0x000001f00ff12490 code [0x000001f00ff126c0, 0x000001f00ff12dc0]
Event: 5090.815 Thread 0x000001f0229101e0 29514   !   3       sun.nio.ch.WEPollSelectorImpl::doSelect (132 bytes)
Event: 5090.817 Thread 0x000001f0229101e0 nmethod 29514 0x000001f00f852490 code [0x000001f00f852760, 0x000001f00f8532d8]
Event: 5090.817 Thread 0x000001f0229101e0 29515       3       sun.nio.ch.SelectorImpl::begin (9 bytes)
Event: 5090.818 Thread 0x000001f0229101e0 nmethod 29515 0x000001f00f5f4590 code [0x000001f00f5f4740, 0x000001f00f5f48a8]
Event: 5090.902 Thread 0x000001f0229101e0 29516       3       java.nio.channels.spi.AbstractSelectionKey::isValid (13 bytes)
Event: 5090.903 Thread 0x000001f0229101e0 nmethod 29516 0x000001f00f22c310 code [0x000001f00f22c4a0, 0x000001f00f22c600]
Event: 5090.922 Thread 0x000001f0229101e0 29517       3       java.lang.Thread::yield (27 bytes)
Event: 5090.922 Thread 0x000001f0229101e0 nmethod 29517 0x000001f00fa6be10 code [0x000001f00fa6bfe0, 0x000001f00fa6c428]
Event: 5090.928 Thread 0x000001f0229101e0 29518       3       sun.nio.ch.SelectionKeyImpl::getFDVal (10 bytes)
Event: 5090.929 Thread 0x000001f0229101e0 nmethod 29518 0x000001f00f383410 code [0x000001f00f3835c0, 0x000001f00f383798]

GC Heap History (20 events):
Event: 5055.298 GC heap before
{Heap before GC invocations=93 (full 0):
 garbage-first heap   total 850944K, used 268797K [0x00000000a0000000, 0x0000000100000000)
  region size 1024K, 41 young (41984K), 2 survivors (2048K)
 Metaspace       used 143376K, committed 147392K, reserved 1179648K
  class space    used 19427K, committed 21376K, reserved 1048576K
}
Event: 5055.422 GC heap after
{Heap after GC invocations=94 (full 0):
 garbage-first heap   total 850944K, used 228650K [0x00000000a0000000, 0x0000000100000000)
  region size 1024K, 6 young (6144K), 6 survivors (6144K)
 Metaspace       used 143376K, committed 147392K, reserved 1179648K
  class space    used 19427K, committed 21376K, reserved 1048576K
}
Event: 5061.759 GC heap before
{Heap before GC invocations=94 (full 0):
 garbage-first heap   total 850944K, used 263466K [0x00000000a0000000, 0x0000000100000000)
  region size 1024K, 41 young (41984K), 6 survivors (6144K)
 Metaspace       used 143966K, committed 147520K, reserved 1179648K
  class space    used 19502K, committed 21376K, reserved 1048576K
}
Event: 5061.808 GC heap after
{Heap after GC invocations=95 (full 0):
 garbage-first heap   total 850944K, used 228811K [0x00000000a0000000, 0x0000000100000000)
  region size 1024K, 6 young (6144K), 6 survivors (6144K)
 Metaspace       used 143966K, committed 147520K, reserved 1179648K
  class space    used 19502K, committed 21376K, reserved 1048576K
}
Event: 5066.450 GC heap before
{Heap before GC invocations=95 (full 0):
 garbage-first heap   total 850944K, used 264651K [0x00000000a0000000, 0x0000000100000000)
  region size 1024K, 41 young (41984K), 6 survivors (6144K)
 Metaspace       used 144245K, committed 147520K, reserved 1179648K
  class space    used 19548K, committed 21376K, reserved 1048576K
}
Event: 5066.479 GC heap after
{Heap after GC invocations=96 (full 0):
 garbage-first heap   total 850944K, used 229289K [0x00000000a0000000, 0x0000000100000000)
  region size 1024K, 3 young (3072K), 3 survivors (3072K)
 Metaspace       used 144245K, committed 147520K, reserved 1179648K
  class space    used 19548K, committed 21376K, reserved 1048576K
}
Event: 5068.826 GC heap before
{Heap before GC invocations=96 (full 0):
 garbage-first heap   total 850944K, used 273321K [0x00000000a0000000, 0x0000000100000000)
  region size 1024K, 46 young (47104K), 3 survivors (3072K)
 Metaspace       used 144325K, committed 147584K, reserved 1179648K
  class space    used 19550K, committed 21376K, reserved 1048576K
}
Event: 5068.895 GC heap after
{Heap after GC invocations=97 (full 0):
 garbage-first heap   total 850944K, used 234637K [0x00000000a0000000, 0x0000000100000000)
  region size 1024K, 6 young (6144K), 6 survivors (6144K)
 Metaspace       used 144325K, committed 147584K, reserved 1179648K
  class space    used 19550K, committed 21376K, reserved 1048576K
}
Event: 5073.319 GC heap before
{Heap before GC invocations=97 (full 0):
 garbage-first heap   total 757760K, used 258189K [0x00000000a0000000, 0x0000000100000000)
  region size 1024K, 37 young (37888K), 6 survivors (6144K)
 Metaspace       used 144190K, committed 147584K, reserved 1179648K
  class space    used 19521K, committed 21376K, reserved 1048576K
}
Event: 5074.524 GC heap after
{Heap after GC invocations=98 (full 0):
 garbage-first heap   total 757760K, used 229263K [0x00000000a0000000, 0x0000000100000000)
  region size 1024K, 3 young (3072K), 3 survivors (3072K)
 Metaspace       used 144190K, committed 147584K, reserved 1179648K
  class space    used 19521K, committed 21376K, reserved 1048576K
}
Event: 5080.103 GC heap before
{Heap before GC invocations=98 (full 0):
 garbage-first heap   total 757760K, used 264079K [0x00000000a0000000, 0x0000000100000000)
  region size 1024K, 37 young (37888K), 3 survivors (3072K)
 Metaspace       used 144221K, committed 147584K, reserved 1179648K
  class space    used 19525K, committed 21376K, reserved 1048576K
}
Event: 5080.117 GC heap after
{Heap after GC invocations=99 (full 0):
 garbage-first heap   total 757760K, used 231168K [0x00000000a0000000, 0x0000000100000000)
  region size 1024K, 4 young (4096K), 4 survivors (4096K)
 Metaspace       used 144221K, committed 147584K, reserved 1179648K
  class space    used 19525K, committed 21376K, reserved 1048576K
}
Event: 5082.165 GC heap before
{Heap before GC invocations=100 (full 0):
 garbage-first heap   total 757760K, used 264960K [0x00000000a0000000, 0x0000000100000000)
  region size 1024K, 37 young (37888K), 4 survivors (4096K)
 Metaspace       used 144258K, committed 147584K, reserved 1179648K
  class space    used 19528K, committed 21376K, reserved 1048576K
}
Event: 5082.186 GC heap after
{Heap after GC invocations=101 (full 0):
 garbage-first heap   total 757760K, used 234357K [0x00000000a0000000, 0x0000000100000000)
  region size 1024K, 5 young (5120K), 5 survivors (5120K)
 Metaspace       used 144258K, committed 147584K, reserved 1179648K
  class space    used 19528K, committed 21376K, reserved 1048576K
}
Event: 5084.984 GC heap before
{Heap before GC invocations=101 (full 0):
 garbage-first heap   total 757760K, used 290677K [0x00000000a0000000, 0x0000000100000000)
  region size 1024K, 59 young (60416K), 5 survivors (5120K)
 Metaspace       used 145443K, committed 148032K, reserved 1179648K
  class space    used 19723K, committed 21376K, reserved 1048576K
}
Event: 5085.020 GC heap after
{Heap after GC invocations=102 (full 0):
 garbage-first heap   total 757760K, used 231126K [0x00000000a0000000, 0x0000000100000000)
  region size 1024K, 8 young (8192K), 8 survivors (8192K)
 Metaspace       used 145443K, committed 148032K, reserved 1179648K
  class space    used 19723K, committed 21376K, reserved 1048576K
}
Event: 5086.305 GC heap before
{Heap before GC invocations=102 (full 0):
 garbage-first heap   total 757760K, used 295638K [0x00000000a0000000, 0x0000000100000000)
  region size 1024K, 71 young (72704K), 8 survivors (8192K)
 Metaspace       used 146095K, committed 148416K, reserved 1179648K
  class space    used 19829K, committed 21376K, reserved 1048576K
}
Event: 5086.376 GC heap after
{Heap after GC invocations=103 (full 0):
 garbage-first heap   total 757760K, used 224939K [0x00000000a0000000, 0x0000000100000000)
  region size 1024K, 8 young (8192K), 8 survivors (8192K)
 Metaspace       used 146095K, committed 148416K, reserved 1179648K
  class space    used 19829K, committed 21376K, reserved 1048576K
}
Event: 5090.130 GC heap before
{Heap before GC invocations=103 (full 0):
 garbage-first heap   total 757760K, used 302763K [0x00000000a0000000, 0x0000000100000000)
  region size 1024K, 84 young (86016K), 8 survivors (8192K)
 Metaspace       used 146805K, committed 148992K, reserved 1179648K
  class space    used 19937K, committed 21376K, reserved 1048576K
}
Event: 5090.177 GC heap after
{Heap after GC invocations=104 (full 0):
 garbage-first heap   total 757760K, used 223363K [0x00000000a0000000, 0x0000000100000000)
  region size 1024K, 11 young (11264K), 11 survivors (11264K)
 Metaspace       used 146805K, committed 148992K, reserved 1179648K
  class space    used 19937K, committed 21376K, reserved 1048576K
}

Dll operation events (17 events):
Event: 0.024 Loaded shared library C:\Program Files\Eclipse Adoptium\jdk-21.0.9.10-hotspot\bin\java.dll
Event: 0.079 Loaded shared library C:\Program Files\Eclipse Adoptium\jdk-21.0.9.10-hotspot\bin\jsvml.dll
Event: 0.152 Loaded shared library C:\Program Files\Eclipse Adoptium\jdk-21.0.9.10-hotspot\bin\zip.dll
Event: 0.159 Loaded shared library C:\Program Files\Eclipse Adoptium\jdk-21.0.9.10-hotspot\bin\instrument.dll
Event: 0.167 Loaded shared library C:\Program Files\Eclipse Adoptium\jdk-21.0.9.10-hotspot\bin\net.dll
Event: 0.171 Loaded shared library C:\Program Files\Eclipse Adoptium\jdk-21.0.9.10-hotspot\bin\nio.dll
Event: 0.175 Loaded shared library C:\Program Files\Eclipse Adoptium\jdk-21.0.9.10-hotspot\bin\zip.dll
Event: 0.661 Loaded shared library C:\Program Files\Eclipse Adoptium\jdk-21.0.9.10-hotspot\bin\jimage.dll
Event: 0.915 Loaded shared library C:\Program Files\Eclipse Adoptium\jdk-21.0.9.10-hotspot\bin\verify.dll
Event: 1.117 Loaded shared library C:\Users\opdli\.gradle\native\1def1411415f61bf3af743bc5b6707747c0891f09f0c88961ee8f79bc544acac\windows-amd64\native-platform.dll
Event: 1.145 Loaded shared library C:\Users\opdli\.gradle\native\0.2.7\x86_64-windows-gnu\gradle-fileevents.dll
Event: 3.945 Loaded shared library C:\Program Files\Eclipse Adoptium\jdk-21.0.9.10-hotspot\bin\management.dll
Event: 3.950 Loaded shared library C:\Program Files\Eclipse Adoptium\jdk-21.0.9.10-hotspot\bin\management_ext.dll
Event: 4.350 Loaded shared library C:\Program Files\Eclipse Adoptium\jdk-21.0.9.10-hotspot\bin\extnet.dll
Event: 4.829 Loaded shared library C:\Program Files\Eclipse Adoptium\jdk-21.0.9.10-hotspot\bin\sunmscapi.dll
Event: 45.550 Loaded shared library C:\Users\opdli\AppData\Local\Temp\native-platform14522558395183671053dir\native-platform.dll
Event: 47.036 Loaded shared library C:\Program Files\Eclipse Adoptium\jdk-21.0.9.10-hotspot\bin\rmi.dll

Deoptimization events (20 events):
Event: 5085.245 Thread 0x000001f06f098f40 Uncommon trap: trap_request=0xffffffc6 fr.pc=0x000001f017290ab8 relative=0x00000000000009d8
Event: 5085.245 Thread 0x000001f06f098f40 Uncommon trap: reason=bimorphic_or_optimized_type_check action=maybe_recompile pc=0x000001f017290ab8 method=org.gradle.internal.ImmutableActionSet.add(Lorg/gradle/api/Action;)Lorg/gradle/internal/ImmutableActionSet; @ 83 c2
Event: 5085.246 Thread 0x000001f06f098f40 DEOPT PACKING pc=0x000001f017290ab8 sp=0x000000ed3effa8f0
Event: 5085.248 Thread 0x000001f06f098f40 DEOPT UNPACKING pc=0x000001f016284422 sp=0x000000ed3effa8a0 mode 2
Event: 5086.213 Thread 0x000001f06f098f40 DEOPT PACKING pc=0x000001f00fc436ac sp=0x000000ed3eff9ad0
Event: 5086.214 Thread 0x000001f06f098f40 DEOPT UNPACKING pc=0x000001f016284bc2 sp=0x000000ed3eff9090 mode 0
Event: 5087.055 Thread 0x000001f06f098f40 Uncommon trap: trap_request=0xffffffc6 fr.pc=0x000001f017290ab8 relative=0x00000000000009d8
Event: 5087.055 Thread 0x000001f06f098f40 Uncommon trap: reason=bimorphic_or_optimized_type_check action=maybe_recompile pc=0x000001f017290ab8 method=org.gradle.internal.ImmutableActionSet.add(Lorg/gradle/api/Action;)Lorg/gradle/internal/ImmutableActionSet; @ 83 c2
Event: 5087.055 Thread 0x000001f06f098f40 DEOPT PACKING pc=0x000001f017290ab8 sp=0x000000ed3effa940
Event: 5087.055 Thread 0x000001f06f098f40 DEOPT UNPACKING pc=0x000001f016284422 sp=0x000000ed3effa8f0 mode 2
Event: 5090.188 Thread 0x000001f06f098f40 Uncommon trap: trap_request=0xffffffde fr.pc=0x000001f01682dee4 relative=0x0000000000000d84
Event: 5090.188 Thread 0x000001f06f098f40 Uncommon trap: reason=class_check action=maybe_recompile pc=0x000001f01682dee4 method=com.google.common.reflect.TypeToken$4.visitParameterizedType(Ljava/lang/reflect/ParameterizedType;)V @ 5 c2
Event: 5090.188 Thread 0x000001f06f098f40 DEOPT PACKING pc=0x000001f01682dee4 sp=0x000000ed3eff9140
Event: 5090.188 Thread 0x000001f06f098f40 DEOPT UNPACKING pc=0x000001f016284422 sp=0x000000ed3eff9030 mode 2
Event: 5090.273 Thread 0x000001f06f098f40 Uncommon trap: trap_request=0xffffffc6 fr.pc=0x000001f017290ab8 relative=0x00000000000009d8
Event: 5090.273 Thread 0x000001f06f098f40 Uncommon trap: reason=bimorphic_or_optimized_type_check action=maybe_recompile pc=0x000001f017290ab8 method=org.gradle.internal.ImmutableActionSet.add(Lorg/gradle/api/Action;)Lorg/gradle/internal/ImmutableActionSet; @ 83 c2
Event: 5090.273 Thread 0x000001f06f098f40 DEOPT PACKING pc=0x000001f017290ab8 sp=0x000000ed3effa940
Event: 5090.273 Thread 0x000001f06f098f40 DEOPT UNPACKING pc=0x000001f016284422 sp=0x000000ed3effa8f0 mode 2
Event: 5090.517 Thread 0x000001f06f098f40 DEOPT PACKING pc=0x000001f00fa16f0b sp=0x000000ed3eff99c0
Event: 5090.517 Thread 0x000001f06f098f40 DEOPT UNPACKING pc=0x000001f016284bc2 sp=0x000000ed3eff8f70 mode 0

Classes loaded (20 events):
Event: 5063.857 Loading class java/util/ArraysBeanInfo
Event: 5063.857 Loading class java/util/ArraysBeanInfo done
Event: 5063.858 Loading class java/util/ArraysCustomizer
Event: 5063.859 Loading class java/util/ArraysCustomizer done
Event: 5063.860 Loading class java/util/ArraysCustomizer
Event: 5063.860 Loading class java/util/ArraysCustomizer done
Event: 5064.102 Loading class java/time/Ser
Event: 5064.106 Loading class java/time/Ser done
Event: 5070.408 Loading class sun/rmi/transport/ObjectTable$1
Event: 5070.410 Loading class sun/rmi/transport/ObjectTable$1 done
Event: 5082.855 Loading class java/util/TreeSetBeanInfo
Event: 5082.855 Loading class java/util/TreeSetBeanInfo done
Event: 5082.855 Loading class java/util/TreeSetBeanInfo
Event: 5082.855 Loading class java/util/TreeSetBeanInfo done
Event: 5082.856 Loading class java/util/TreeSetCustomizer
Event: 5082.856 Loading class java/util/TreeSetCustomizer done
Event: 5082.857 Loading class java/util/TreeSetCustomizer
Event: 5082.857 Loading class java/util/TreeSetCustomizer done
Event: 5083.579 Loading class java/util/TreeMap$ValueSpliterator
Event: 5083.580 Loading class java/util/TreeMap$ValueSpliterator done

Classes unloaded (20 events):
Event: 5069.650 Thread 0x000001f0228b30a0 Unloading class 0x000001f02509bc00 'jdk/internal/reflect/GeneratedSerializationConstructorAccessor103'
Event: 5069.650 Thread 0x000001f0228b30a0 Unloading class 0x000001f02509b800 'jdk/internal/reflect/GeneratedSerializationConstructorAccessor102'
Event: 5069.650 Thread 0x000001f0228b30a0 Unloading class 0x000001f025081000 'jdk/internal/reflect/GeneratedSerializationConstructorAccessor91'
Event: 5069.650 Thread 0x000001f0228b30a0 Unloading class 0x000001f025028c00 'jdk/internal/reflect/GeneratedSerializationConstructorAccessor66'
Event: 5069.651 Thread 0x000001f0228b30a0 Unloading class 0x000001f025028400 'jdk/internal/reflect/GeneratedSerializationConstructorAccessor64'
Event: 5069.651 Thread 0x000001f0228b30a0 Unloading class 0x000001f025022800 'jdk/internal/reflect/GeneratedSerializationConstructorAccessor61'
Event: 5069.651 Thread 0x000001f0228b30a0 Unloading class 0x000001f025022400 'jdk/internal/reflect/GeneratedSerializationConstructorAccessor60'
Event: 5069.651 Thread 0x000001f0228b30a0 Unloading class 0x000001f025022000 'jdk/internal/reflect/GeneratedSerializationConstructorAccessor59'
Event: 5069.651 Thread 0x000001f0228b30a0 Unloading class 0x000001f025021400 'jdk/internal/reflect/GeneratedSerializationConstructorAccessor56'
Event: 5069.652 Thread 0x000001f0228b30a0 Unloading class 0x000001f025020800 'jdk/internal/reflect/GeneratedSerializationConstructorAccessor55'
Event: 5069.652 Thread 0x000001f0228b30a0 Unloading class 0x000001f025020400 'jdk/internal/reflect/GeneratedSerializationConstructorAccessor54'
Event: 5069.652 Thread 0x000001f0228b30a0 Unloading class 0x000001f025020000 'jdk/internal/reflect/GeneratedSerializationConstructorAccessor53'
Event: 5069.652 Thread 0x000001f0228b30a0 Unloading class 0x000001f025019c00 'jdk/internal/reflect/GeneratedSerializationConstructorAccessor52'
Event: 5069.652 Thread 0x000001f0228b30a0 Unloading class 0x000001f025019800 'jdk/internal/reflect/GeneratedSerializationConstructorAccessor51'
Event: 5069.652 Thread 0x000001f0228b30a0 Unloading class 0x000001f025019400 'jdk/internal/reflect/GeneratedSerializationConstructorAccessor50'
Event: 5069.652 Thread 0x000001f0228b30a0 Unloading class 0x000001f025018400 'jdk/internal/reflect/GeneratedSerializationConstructorAccessor46'
Event: 5069.653 Thread 0x000001f0228b30a0 Unloading class 0x000001f024d9e000 'java_util_List$iterator'
Event: 5069.653 Thread 0x000001f0228b30a0 Unloading class 0x000001f024d53000 'org/gradle/api/DomainObjectCollection$all'
Event: 5069.653 Thread 0x000001f0228b30a0 Unloading class 0x000001f024d52800 'org/gradle/api/tasks/TaskCollection$withType'
Event: 5069.653 Thread 0x000001f0228b30a0 Unloading class 0x000001f024228400 'java/lang/invoke/LambdaForm$MH+0x000001f024228400'

Classes redefined (0 events):
No events

Internal exceptions (20 events):
Event: 5063.978 Thread 0x000001f06f098f40 Exception <a 'java/lang/ClassNotFoundException'{0x00000000d2695630}: groovy/lang/ReferenceCustomizer> (0x00000000d2695630) 
thrown [s\src\hotspot\share\classfile\systemDictionary.cpp, line 312]
Event: 5064.071 Thread 0x000001f06f098f40 Exception <a 'java/lang/NoSuchMethodError'{0x00000000d26e4e58}: 'long java.lang.invoke.DirectMethodHandle$Holder.invokeVirtual(java.lang.Object, java.lang.Object)'> (0x00000000d26e4e58) 
thrown [s\src\hotspot\share\interpreter\linkResolver.cpp, line 773]
Event: 5064.087 Thread 0x000001f06f09a2f0 Exception <a 'java/lang/NoSuchMethodError'{0x00000000d255e548}: static Lorg/gradle/internal/build/event/types/DefaultProjectConfigurationSuccessResult;.<clinit>()V> (0x00000000d255e548) 
thrown [s\src\hotspot\share\prims\jni.cpp, line 1111]
Event: 5064.088 Thread 0x000001f06f09a2f0 Exception <a 'java/lang/NoSuchMethodError'{0x00000000d255f890}: static Lorg/gradle/internal/build/event/types/AbstractProjectConfigurationResult;.<clinit>()V> (0x00000000d255f890) 
thrown [s\src\hotspot\share\prims\jni.cpp, line 1111]
Event: 5064.090 Thread 0x000001f06f09a2f0 Exception <a 'java/lang/NoSuchMethodError'{0x00000000d25692e8}: static Lorg/gradle/internal/build/event/types/DefaultPluginApplicationResult;.<clinit>()V> (0x00000000d25692e8) 
thrown [s\src\hotspot\share\prims\jni.cpp, line 1111]
Event: 5064.093 Thread 0x000001f06f09a2f0 Exception <a 'java/lang/NoSuchMethodError'{0x00000000d2573b40}: static Lorg/gradle/internal/build/event/types/DefaultBinaryPluginIdentifier;.<clinit>()V> (0x00000000d2573b40) 
thrown [s\src\hotspot\share\prims\jni.cpp, line 1111]
Event: 5064.111 Thread 0x000001f06f09a2f0 Exception <a 'java/lang/NoSuchMethodError'{0x00000000d2589aa8}: static Lorg/gradle/internal/build/event/types/DefaultScriptPluginIdentifier;.<clinit>()V> (0x00000000d2589aa8) 
thrown [s\src\hotspot\share\prims\jni.cpp, line 1111]
Event: 5074.626 Thread 0x000001f06f098f40 Implicit null exception at 0x000001f016c2451a to 0x000001f016c293ac
Event: 5080.124 Thread 0x000001f06f098f40 Exception <a 'java/lang/NoSuchMethodError'{0x00000000cba11bf0}: 'void java.lang.invoke.DelegatingMethodHandle$Holder.reinvoke_L(java.lang.Object, java.lang.Object, int)'> (0x00000000cba11bf0) 
thrown [s\src\hotspot\share\interpreter\linkResolver.cpp, line 773]
Event: 5082.855 Thread 0x000001f06f098f40 Exception <a 'java/lang/ClassNotFoundException'{0x00000000cc1c8820}: java/util/TreeSetBeanInfo> (0x00000000cc1c8820) 
thrown [s\src\hotspot\share\classfile\systemDictionary.cpp, line 312]
Event: 5082.857 Thread 0x000001f06f098f40 Exception <a 'java/lang/ClassNotFoundException'{0x00000000cc1cdef8}: java/util/TreeSetCustomizer> (0x00000000cc1cdef8) 
thrown [s\src\hotspot\share\classfile\systemDictionary.cpp, line 312]
Event: 5083.407 Thread 0x000001f06f09a2f0 Exception <a 'java/lang/NoSuchMethodError'{0x00000000cb9d2e18}: static Lorg/gradle/tooling/internal/provider/PhasedBuildActionResult;.<clinit>()V> (0x00000000cb9d2e18) 
thrown [s\src\hotspot\share\prims\jni.cpp, line 1111]
Event: 5083.409 Thread 0x000001f06f09a2f0 Exception <a 'java/lang/NoSuchMethodError'{0x00000000cb9dae78}: static Lorg/gradle/tooling/internal/provider/serialization/SerializedPayload;.<clinit>()V> (0x00000000cb9dae78) 
thrown [s\src\hotspot\share\prims\jni.cpp, line 1111]
Event: 5083.512 Thread 0x000001f06f855890 Implicit null exception at 0x000001f017174032 to 0x000001f0171782b4
Event: 5083.560 Thread 0x000001f06f09a2f0 Exception <a 'java/lang/NoSuchMethodError'{0x00000000cb81e150}: static Lorg/gradle/internal/build/event/types/DefaultTaskStartedProgressEvent;.<clinit>()V> (0x00000000cb81e150) 
thrown [s\src\hotspot\share\prims\jni.cpp, line 1111]
Event: 5083.562 Thread 0x000001f06f09a2f0 Exception <a 'java/lang/NoSuchMethodError'{0x00000000cb8276d0}: static Lorg/gradle/internal/build/event/types/DefaultTaskDescriptor;.<clinit>()V> (0x00000000cb8276d0) 
thrown [s\src\hotspot\share\prims\jni.cpp, line 1111]
Event: 5083.566 Thread 0x000001f06f09a2f0 Exception <a 'java/lang/NoSuchMethodError'{0x00000000cb409a08}: static Lorg/gradle/internal/build/event/types/DefaultTaskFinishedProgressEvent;.<clinit>()V> (0x00000000cb409a08) 
thrown [s\src\hotspot\share\prims\jni.cpp, line 1111]
Event: 5083.569 Thread 0x000001f06f09a2f0 Exception <a 'java/lang/NoSuchMethodError'{0x00000000cb41b720}: static Lorg/gradle/internal/build/event/types/DefaultTaskSuccessResult;.<clinit>()V> (0x00000000cb41b720) 
thrown [s\src\hotspot\share\prims\jni.cpp, line 1111]
Event: 5083.569 Thread 0x000001f06f09a2f0 Exception <a 'java/lang/NoSuchMethodError'{0x00000000cb41c9d8}: static Lorg/gradle/internal/build/event/types/AbstractTaskResult;.<clinit>()V> (0x00000000cb41c9d8) 
thrown [s\src\hotspot\share\prims\jni.cpp, line 1111]
Event: 5083.583 Thread 0x000001f06f098f40 Exception <a 'java/lang/NoSuchMethodError'{0x00000000cb4316f8}: 'java.lang.Object java.lang.invoke.DirectMethodHandle$Holder.invokeStatic(java.lang.Object, int, java.lang.Object)'> (0x00000000cb4316f8) 
thrown [s\src\hotspot\share\interpreter\linkResolver.cpp, line 773]

ZGC Phase Switch (0 events):
No events

VM Operations (20 events):
Event: 5083.198 Executing VM operation: Cleanup
Event: 5083.198 Executing VM operation: Cleanup done
Event: 5084.208 Executing VM operation: Cleanup
Event: 5084.255 Executing VM operation: Cleanup done
Event: 5084.966 Executing VM operation: G1CollectForAllocation (G1 Evacuation Pause)
Event: 5085.020 Executing VM operation: G1CollectForAllocation (G1 Evacuation Pause) done
Event: 5086.031 Executing VM operation: Cleanup
Event: 5086.032 Executing VM operation: Cleanup done
Event: 5086.305 Executing VM operation: G1CollectForAllocation (G1 Evacuation Pause)
Event: 5086.376 Executing VM operation: G1CollectForAllocation (G1 Evacuation Pause) done
Event: 5087.383 Executing VM operation: Cleanup
Event: 5087.383 Executing VM operation: Cleanup done
Event: 5088.397 Executing VM operation: Cleanup
Event: 5088.413 Executing VM operation: Cleanup done
Event: 5089.426 Executing VM operation: Cleanup
Event: 5089.475 Executing VM operation: Cleanup done
Event: 5090.101 Executing VM operation: G1CollectForAllocation (G1 Evacuation Pause)
Event: 5090.177 Executing VM operation: G1CollectForAllocation (G1 Evacuation Pause) done
Event: 5091.189 Executing VM operation: Cleanup
Event: 5091.189 Executing VM operation: Cleanup done

Memory protections (0 events):
No events

Nmethod flushes (20 events):
Event: 5070.344 Thread 0x000001f0228b30a0 flushing  nmethod 0x000001f01079c190
Event: 5070.344 Thread 0x000001f0228b30a0 flushing  nmethod 0x000001f01079c610
Event: 5070.344 Thread 0x000001f0228b30a0 flushing  nmethod 0x000001f01079d090
Event: 5070.344 Thread 0x000001f0228b30a0 flushing  nmethod 0x000001f01079df90
Event: 5070.344 Thread 0x000001f0228b30a0 flushing  nmethod 0x000001f01079e490
Event: 5070.344 Thread 0x000001f0228b30a0 flushing  nmethod 0x000001f01079ea10
Event: 5070.344 Thread 0x000001f0228b30a0 flushing  nmethod 0x000001f0109d1c10
Event: 5070.344 Thread 0x000001f0228b30a0 flushing  nmethod 0x000001f0109dcc90
Event: 5070.344 Thread 0x000001f0228b30a0 flushing  nmethod 0x000001f010ae5190
Event: 5070.344 Thread 0x000001f0228b30a0 flushing  nmethod 0x000001f010bab210
Event: 5070.344 Thread 0x000001f0228b30a0 flushing  nmethod 0x000001f010c0d110
Event: 5070.344 Thread 0x000001f0228b30a0 flushing  nmethod 0x000001f010c10690
Event: 5070.344 Thread 0x000001f0228b30a0 flushing  nmethod 0x000001f010c11690
Event: 5070.344 Thread 0x000001f0228b30a0 flushing  nmethod 0x000001f010c12890
Event: 5070.344 Thread 0x000001f0228b30a0 flushing  nmethod 0x000001f010c19f10
Event: 5070.344 Thread 0x000001f0228b30a0 flushing  nmethod 0x000001f010c1c010
Event: 5070.344 Thread 0x000001f0228b30a0 flushing  nmethod 0x000001f010c1c710
Event: 5070.344 Thread 0x000001f0228b30a0 flushing  nmethod 0x000001f010c1f910
Event: 5070.346 Thread 0x000001f0228b30a0 flushing  nmethod 0x000001f010c26810
Event: 5070.346 Thread 0x000001f0228b30a0 flushing  nmethod 0x000001f010c27010

Events (20 events):
Event: 5083.413 Thread 0x000001f06f098f40 Thread added: 0x000001f06f8537c0
Event: 5083.508 Thread 0x000001f06f8537c0 Thread added: 0x000001f06f855890
Event: 5083.508 Thread 0x000001f06f8537c0 Thread added: 0x000001f06f853e50
Event: 5083.511 Thread 0x000001f06f8537c0 Thread added: 0x000001f06f8544e0
Event: 5083.514 Thread 0x000001f06f8537c0 Thread added: 0x000001f06f855200
Event: 5083.514 Thread 0x000001f06f8537c0 Thread added: 0x000001f06f852aa0
Event: 5083.514 Thread 0x000001f06f8537c0 Thread added: 0x000001f06f855f20
Event: 5083.515 Thread 0x000001f06f8537c0 Thread added: 0x000001f06f8565b0
Event: 5083.527 Thread 0x000001f06f855890 Thread added: 0x000001f06f853130
Event: 5083.711 Thread 0x000001f0229101e0 Thread added: 0x000001f06f7cbc40
Event: 5083.715 Thread 0x000001f06f7cbc40 Thread added: 0x000001f06f7ce520
Event: 5084.463 Thread 0x000001f06f7ce520 Thread exited: 0x000001f06f7ce520
Event: 5084.486 Thread 0x000001f06f7cbc40 Thread exited: 0x000001f06f7cbc40
Event: 5084.882 Thread 0x000001f0228ed4d0 Thread added: 0x000001f06f7ce520
Event: 5085.528 Thread 0x000001f06f7ce520 Thread exited: 0x000001f06f7ce520
Event: 5085.778 Thread 0x000001f0229101e0 Thread added: 0x000001f06f7caea0
Event: 5086.182 Thread 0x000001f06f7caea0 Thread exited: 0x000001f06f7caea0
Event: 5086.198 Thread 0x000001f0228ed4d0 Thread added: 0x000001f06f7ce520
Event: 5088.314 Thread 0x000001f06f7ce520 Thread exited: 0x000001f06f7ce520
Event: 5090.296 Thread 0x000001f0229101e0 Thread added: 0x000001f06f7caea0


Dynamic libraries:
0x00007ff661730000 - 0x00007ff66173e000 	C:\Program Files\Eclipse Adoptium\jdk-21.0.9.10-hotspot\bin\java.exe
0x00007ff853740000 - 0x00007ff8539a8000 	C:\WINDOWS\SYSTEM32\ntdll.dll
0x00007ff852910000 - 0x00007ff8529d9000 	C:\WINDOWS\System32\KERNEL32.DLL
0x00007ff850f00000 - 0x00007ff8512f1000 	C:\WINDOWS\System32\KERNELBASE.dll
0x00007ff850b50000 - 0x00007ff850c9b000 	C:\WINDOWS\System32\ucrtbase.dll
0x00007ff835e00000 - 0x00007ff835e1e000 	C:\Program Files\Eclipse Adoptium\jdk-21.0.9.10-hotspot\bin\VCRUNTIME140.dll
0x00007ff8366f0000 - 0x00007ff836708000 	C:\Program Files\Eclipse Adoptium\jdk-21.0.9.10-hotspot\bin\jli.dll
0x00007ff852600000 - 0x00007ff8527c6000 	C:\WINDOWS\System32\USER32.dll
0x00007ff835f40000 - 0x00007ff8361d3000 	C:\WINDOWS\WinSxS\amd64_microsoft.windows.common-controls_6595b64144ccf1df_6.0.26100.7824_none_3e0870b2e3345462\COMCTL32.dll
0x00007ff850ca0000 - 0x00007ff850cc7000 	C:\WINDOWS\System32\win32u.dll
0x00007ff8529e0000 - 0x00007ff852a89000 	C:\WINDOWS\System32\msvcrt.dll
0x00007ff852250000 - 0x00007ff85227b000 	C:\WINDOWS\System32\GDI32.dll
0x00007ff851300000 - 0x00007ff85142b000 	C:\WINDOWS\System32\gdi32full.dll
0x00007ff851430000 - 0x00007ff8514d3000 	C:\WINDOWS\System32\msvcp_win.dll
0x00007ff8525b0000 - 0x00007ff8525e1000 	C:\WINDOWS\System32\IMM32.DLL
0x00007ff8366e0000 - 0x00007ff8366ec000 	C:\Program Files\Eclipse Adoptium\jdk-21.0.9.10-hotspot\bin\vcruntime140_1.dll
0x00007ff82a3d0000 - 0x00007ff82a45d000 	C:\Program Files\Eclipse Adoptium\jdk-21.0.9.10-hotspot\bin\msvcp140.dll
0x00007fffc0760000 - 0x00007fffc1500000 	C:\Program Files\Eclipse Adoptium\jdk-21.0.9.10-hotspot\bin\server\jvm.dll
0x00007ff852850000 - 0x00007ff852904000 	C:\WINDOWS\System32\ADVAPI32.dll
0x00007ff852280000 - 0x00007ff852326000 	C:\WINDOWS\System32\sechost.dll
0x00007ff852490000 - 0x00007ff8525a8000 	C:\WINDOWS\System32\RPCRT4.dll
0x00007ff8523f0000 - 0x00007ff852464000 	C:\WINDOWS\System32\WS2_32.dll
0x00007ff84fe80000 - 0x00007ff84fede000 	C:\WINDOWS\SYSTEM32\POWRPROF.dll
0x00007ff83d810000 - 0x00007ff83d845000 	C:\WINDOWS\SYSTEM32\WINMM.dll
0x00007ff83c8b0000 - 0x00007ff83c8bb000 	C:\WINDOWS\SYSTEM32\VERSION.dll
0x00007ff84fe60000 - 0x00007ff84fe74000 	C:\WINDOWS\SYSTEM32\UMPDC.dll
0x00007ff84ed80000 - 0x00007ff84ed9b000 	C:\WINDOWS\SYSTEM32\kernel.appcore.dll
0x00007ff835df0000 - 0x00007ff835dfa000 	C:\Program Files\Eclipse Adoptium\jdk-21.0.9.10-hotspot\bin\jimage.dll
0x00007ff84af40000 - 0x00007ff84b182000 	C:\WINDOWS\SYSTEM32\DBGHELP.DLL
0x00007ff851800000 - 0x00007ff851b86000 	C:\WINDOWS\System32\combase.dll
0x00007ff851510000 - 0x00007ff8515e7000 	C:\WINDOWS\System32\OLEAUT32.dll
0x00007ff835ee0000 - 0x00007ff835f1b000 	C:\WINDOWS\SYSTEM32\dbgcore.DLL
0x00007ff850920000 - 0x00007ff8509c5000 	C:\WINDOWS\System32\bcryptPrimitives.dll
0x00007ff835de0000 - 0x00007ff835def000 	C:\Program Files\Eclipse Adoptium\jdk-21.0.9.10-hotspot\bin\instrument.dll
0x00007ff82a3b0000 - 0x00007ff82a3d0000 	C:\Program Files\Eclipse Adoptium\jdk-21.0.9.10-hotspot\bin\java.dll
0x00007ff852a90000 - 0x00007ff8531e2000 	C:\WINDOWS\System32\SHELL32.dll
0x00007ff850d90000 - 0x00007ff850efa000 	C:\WINDOWS\System32\wintypes.dll
0x00007ff8500b0000 - 0x00007ff850913000 	C:\WINDOWS\System32\windows.storage.dll
0x00007ff853600000 - 0x00007ff8536f6000 	C:\WINDOWS\System32\SHCORE.dll
0x00007ff853520000 - 0x00007ff853587000 	C:\WINDOWS\System32\shlwapi.dll
0x00007ff84ff40000 - 0x00007ff84ff69000 	C:\WINDOWS\SYSTEM32\profapi.dll
0x00007ff82a2d0000 - 0x00007ff82a3a7000 	C:\Program Files\Eclipse Adoptium\jdk-21.0.9.10-hotspot\bin\jsvml.dll
0x00007ff82a2b0000 - 0x00007ff82a2c8000 	C:\Program Files\Eclipse Adoptium\jdk-21.0.9.10-hotspot\bin\zip.dll
0x00007ff82d310000 - 0x00007ff82d320000 	C:\Program Files\Eclipse Adoptium\jdk-21.0.9.10-hotspot\bin\net.dll
0x00007ff844e20000 - 0x00007ff844f47000 	C:\WINDOWS\SYSTEM32\WINHTTP.dll
0x00007ff84f2d0000 - 0x00007ff84f33b000 	C:\WINDOWS\system32\mswsock.dll
0x00007ff82a290000 - 0x00007ff82a2a6000 	C:\Program Files\Eclipse Adoptium\jdk-21.0.9.10-hotspot\bin\nio.dll
0x00007ff8282e0000 - 0x00007ff8282f0000 	C:\Program Files\Eclipse Adoptium\jdk-21.0.9.10-hotspot\bin\verify.dll
0x00007ff837d50000 - 0x00007ff837d77000 	C:\Users\opdli\.gradle\native\1def1411415f61bf3af743bc5b6707747c0891f09f0c88961ee8f79bc544acac\windows-amd64\native-platform.dll
0x00007fff99600000 - 0x00007fff99678000 	C:\Users\opdli\.gradle\native\0.2.7\x86_64-windows-gnu\gradle-fileevents.dll
0x00007ff8282d0000 - 0x00007ff8282da000 	C:\Program Files\Eclipse Adoptium\jdk-21.0.9.10-hotspot\bin\management.dll
0x00007ff8282c0000 - 0x00007ff8282cc000 	C:\Program Files\Eclipse Adoptium\jdk-21.0.9.10-hotspot\bin\management_ext.dll
0x00007ff8535f0000 - 0x00007ff8535f8000 	C:\WINDOWS\System32\PSAPI.DLL
0x00007ff84e780000 - 0x00007ff84e7b4000 	C:\WINDOWS\SYSTEM32\IPHLPAPI.DLL
0x00007ff852480000 - 0x00007ff85248a000 	C:\WINDOWS\System32\NSI.dll
0x00007ff837920000 - 0x00007ff837929000 	C:\Program Files\Eclipse Adoptium\jdk-21.0.9.10-hotspot\bin\extnet.dll
0x00007ff84f6c0000 - 0x00007ff84f6db000 	C:\WINDOWS\SYSTEM32\CRYPTSP.dll
0x00007ff84ece0000 - 0x00007ff84ed19000 	C:\WINDOWS\system32\rsaenh.dll
0x00007ff84f380000 - 0x00007ff84f3ab000 	C:\WINDOWS\SYSTEM32\USERENV.dll
0x00007ff84ff10000 - 0x00007ff84ff3a000 	C:\WINDOWS\SYSTEM32\bcrypt.dll
0x00007ff84f520000 - 0x00007ff84f52c000 	C:\WINDOWS\SYSTEM32\CRYPTBASE.dll
0x00007ff837910000 - 0x00007ff83791e000 	C:\Program Files\Eclipse Adoptium\jdk-21.0.9.10-hotspot\bin\sunmscapi.dll
0x00007ff8509d0000 - 0x00007ff850b47000 	C:\WINDOWS\System32\CRYPT32.dll
0x00007ff84f820000 - 0x00007ff84f850000 	C:\WINDOWS\SYSTEM32\ncrypt.dll
0x00007ff84f7d0000 - 0x00007ff84f80f000 	C:\WINDOWS\SYSTEM32\NTASN1.dll
0x00007ff84a220000 - 0x00007ff84a228000 	C:\WINDOWS\system32\wshunix.dll
0x00007ff817020000 - 0x00007ff817038000 	C:\WINDOWS\system32\napinsp.dll
0x00007ff84e870000 - 0x00007ff84e99c000 	C:\WINDOWS\SYSTEM32\DNSAPI.dll
0x00007ff816f20000 - 0x00007ff816f32000 	C:\WINDOWS\System32\winrnr.dll
0x00007ff816ef0000 - 0x00007ff816f12000 	C:\WINDOWS\system32\nlansp_c.dll
0x00007ff845650000 - 0x00007ff845666000 	C:\WINDOWS\system32\wshbth.dll
0x00007ff845640000 - 0x00007ff84564b000 	C:\Windows\System32\rasadhlp.dll
0x00007ff83f9c0000 - 0x00007ff83fa46000 	C:\WINDOWS\System32\fwpuclnt.dll
0x00007ff837540000 - 0x00007ff83755e000 	C:\Users\opdli\AppData\Local\Temp\native-platform14522558395183671053dir\native-platform.dll
0x00007ff837620000 - 0x00007ff837627000 	C:\Program Files\Eclipse Adoptium\jdk-21.0.9.10-hotspot\bin\rmi.dll
0x00007ff84eea0000 - 0x00007ff84eed6000 	C:\WINDOWS\SYSTEM32\ntmarta.dll

JVMTI agents:
C:\Users\opdli\.gradle\wrapper\dists\gradle-8.14.3-all\10utluxaxniiv4wxiphsi49nj\gradle-8.14.3\lib\agents\gradle-instrumentation-agent-8.14.3.jar path:C:\Program Files\Eclipse Adoptium\jdk-21.0.9.10-hotspot\bin\instrument.dll, loaded, initialized, instrumentlib options:none

dbghelp: loaded successfully - version: 4.0.5 - missing functions: none
symbol engine: initialized successfully - sym options: 0x614 - pdb path: .;C:\Program Files\Eclipse Adoptium\jdk-21.0.9.10-hotspot\bin;C:\WINDOWS\SYSTEM32;C:\WINDOWS\WinSxS\amd64_microsoft.windows.common-controls_6595b64144ccf1df_6.0.26100.7824_none_3e0870b2e3345462;C:\Program Files\Eclipse Adoptium\jdk-21.0.9.10-hotspot\bin\server;C:\Users\opdli\.gradle\native\1def1411415f61bf3af743bc5b6707747c0891f09f0c88961ee8f79bc544acac\windows-amd64;C:\Users\opdli\.gradle\native\0.2.7\x86_64-windows-gnu;C:\Users\opdli\AppData\Local\Temp\native-platform14522558395183671053dir

VM Arguments:
jvm_args: --add-opens=java.base/java.lang=ALL-UNNAMED --add-opens=java.base/java.lang.invoke=ALL-UNNAMED --add-opens=java.base/java.util=ALL-UNNAMED --add-opens=java.prefs/java.util.prefs=ALL-UNNAMED --add-exports=jdk.compiler/com.sun.tools.javac.api=ALL-UNNAMED --add-exports=jdk.compiler/com.sun.tools.javac.util=ALL-UNNAMED --add-opens=java.base/java.util=ALL-UNNAMED --add-opens=java.prefs/java.util.prefs=ALL-UNNAMED --add-opens=java.base/java.nio.charset=ALL-UNNAMED --add-opens=java.base/java.net=ALL-UNNAMED --add-opens=java.base/java.util.concurrent.atomic=ALL-UNNAMED --add-opens=java.xml/javax.xml.namespace=ALL-UNNAMED -Xmx1536m -Dfile.encoding=UTF-8 -Duser.country=US -Duser.language=en -Duser.variant -javaagent:C:\Users\opdli\.gradle\wrapper\dists\gradle-8.14.3-all\10utluxaxniiv4wxiphsi49nj\gradle-8.14.3\lib\agents\gradle-instrumentation-agent-8.14.3.jar 
java_command: org.gradle.launcher.daemon.bootstrap.GradleDaemon 8.14.3
java_class_path (initial): C:\Users\opdli\.gradle\wrapper\dists\gradle-8.14.3-all\10utluxaxniiv4wxiphsi49nj\gradle-8.14.3\lib\gradle-daemon-main-8.14.3.jar
Launcher Type: SUN_STANDARD

[Global flags]
     intx CICompilerCount                          = 4                                         {product} {ergonomic}
     uint ConcGCThreads                            = 2                                         {product} {ergonomic}
     uint G1ConcRefinementThreads                  = 8                                         {product} {ergonomic}
   size_t G1HeapRegionSize                         = 1048576                                   {product} {ergonomic}
    uintx GCDrainStackTargetSize                   = 64                                        {product} {ergonomic}
   size_t InitialHeapSize                          = 266338304                                 {product} {ergonomic}
   size_t MarkStackSize                            = 4194304                                   {product} {ergonomic}
   size_t MaxHeapSize                              = 1610612736                                {product} {command line}
   size_t MaxNewSize                               = 965738496                                 {product} {ergonomic}
   size_t MinHeapDeltaBytes                        = 1048576                                   {product} {ergonomic}
   size_t MinHeapSize                              = 8388608                                   {product} {ergonomic}
    uintx NonNMethodCodeHeapSize                   = 5839372                                {pd product} {ergonomic}
    uintx NonProfiledCodeHeapSize                  = 122909434                              {pd product} {ergonomic}
    uintx ProfiledCodeHeapSize                     = 122909434                              {pd product} {ergonomic}
    uintx ReservedCodeCacheSize                    = 251658240                              {pd product} {ergonomic}
     bool SegmentedCodeCache                       = true                                      {product} {ergonomic}
   size_t SoftMaxHeapSize                          = 1610612736                             {manageable} {ergonomic}
     bool UseCompressedOops                        = true                           {product lp64_product} {ergonomic}
     bool UseG1GC                                  = true                                      {product} {ergonomic}
     bool UseLargePagesIndividualAllocation        = false                                  {pd product} {ergonomic}

Logging:
Log output configuration:
 #0: stdout all=warning uptime,level,tags foldmultilines=false
 #1: stderr all=off uptime,level,tags foldmultilines=false

Release file:
IMPLEMENTOR="Eclipse Adoptium" 
IMPLEMENTOR_VERSION="Temurin-21.0.9+10" 
JAVA_RUNTIME_VERSION="21.0.9+10-LTS" 
JAVA_VERSION="21.0.9" 
JAVA_VERSION_DATE="2025-10-21" 
LIBC="default" 
MODULES="java.base java.compiler java.datatransfer java.xml java.prefs java.desktop java.instrument java.logging java.management java.security.sasl java.naming java.rmi java.management.rmi java.net.http java.scripting java.security.jgss java.transaction.xa java.sql java.sql.rowset java.xml.crypto java.se java.smartcardio jdk.accessibility jdk.internal.jvmstat jdk.attach jdk.charsets jdk.internal.opt jdk.zipfs jdk.compiler jdk.crypto.ec jdk.crypto.cryptoki jdk.crypto.mscapi jdk.dynalink jdk.internal.ed jdk.editpad jdk.hotspot.agent jdk.httpserver jdk.incubator.vector jdk.internal.le jdk.internal.vm.ci jdk.internal.vm.compiler jdk.internal.vm.compiler.management jdk.jartool jdk.javadoc jdk.jcmd jdk.management jdk.management.agent jdk.jconsole jdk.jdeps jdk.jdwp.agent jdk.jdi jdk.jfr jdk.jlink jdk.jpackage jdk.jshell jdk.jsobject jdk.jstatd jdk.localedata jdk.management.jfr jdk.naming.dns jdk.naming.rmi jdk.net jdk.nio.mapmode jdk.random jdk.sctp jdk.security.auth jdk.security.jgss jdk.unsupported jdk.unsupported.desktop jdk.xml.dom" 
OS_ARCH="x86_64" 
OS_NAME="Windows" 
SOURCE=".:git:759062135b07" 
BUILD_SOURCE="git:839fa0b45d809157cffd3dc8515aad262a4a1776"
BUILD_SOURCE_REPO="https://github.com/adoptium/temurin-build.git"
SOURCE_REPO="https://github.com/adoptium/jdk21u.git"
FULL_VERSION="21.0.9+10-LTS"
SEMANTIC_VERSION="21.0.9+10"
BUILD_INFO="OS: Windows Server 2022 Version: 10.0"
JVM_VARIANT="Hotspot"
JVM_VERSION="21.0.9+10-LTS"
IMAGE_TYPE="JDK"

Environment Variables:
PATH=C:\Program Files\Windsurf;C:\Python314\Scripts\;C:\Python314\;C:\Program Files\Microsoft SDKs\Azure\CLI2\wbin;C:\Program Files\Eclipse Adoptium\jdk-21.0.9.10-hotspot\bin;C:\WINDOWS\system32;C:\WINDOWS;C:\WINDOWS\System32\Wbem;C:\WINDOWS\System32\WindowsPowerShell\v1.0\;C:\WINDOWS\System32\OpenSSH\;C:\ProgramData\chocolatey\bin;C:\Program Files (x86)\Windows Kits\10\Windows Performance Toolkit\;C:\Program Files\PuTTY\;C:\Users\opdli\AppData\Local\nvm;C:\nvm4w\nodejs;C:\Users\opdli\scoop\apps\postgresql\current\bin;c:\Users\opdli\AppData\Roaming\Code\User\globalStorage\github.copilot-chat\debugCommand;c:\Users\opdli\AppData\Roaming\Code\User\globalStorage\github.copilot-chat\copilotCli;C:\Users\opdli\AppData\Local\Programs\Microsoft VS Code\bin;C:\Users\opdli\AppData\Local\Google\Cloud SDK\google-cloud-sdk\bin;C:\Users\opdli\AppData\Local\Programs\Windsurf\bin;C:\Users\opdli\AppData\Local\Programs\Kiro\bin;C:\Users\opdli\AppData\Local\nvm;C:\nvm4w\nodejs;C:\Users\opdli\AppData\Roaming\npm;D:\program files\nodejs;C:\Users\opdli\AppData\Local\nvm;C:\ProgramFiles\nodejs;C:\Program Files\Git\cmd;C:\Program Files\Windsurf\bin;C:\Users\opdli\scoop\apps\postgresql\current\bin;C:\Program Files\Microsoft SDKs\Azure\CLI2\wbin;C:\Python314\Scripts\;C:\Python314\;C:\Program Files\Eclipse Adoptium\jdk-21.0.9.10-hotspot\bin;C:\WINDOWS\system32;C:\WINDOWS;C:\WINDOWS\System32\Wbem;C:\WINDOWS\System32\WindowsPowerShell\v1.0\;C:\WINDOWS\System32\OpenSSH\;C:\ProgramData\chocolatey\bin;C:\Program Files\Git\cmd;C:\Program Files (x86)\Windows Kits\10\Windows Performance Toolkit\;C:\Program Files\GitHub CLI\;C:\Program Files\Windsurf\bin;C:\Program Files\Docker\Docker\resources\bin;c:\Users\opdli\AppData\Roaming\Code\User\globalStorage\github.copilot-chat\debugCommand;c:\Users\opdli\AppData\Roaming\Code\User\globalStorage\github.copilot-chat\copilotCli;C:\Program Files\Eclipse Adoptium\jdk-21.0.9.10-hotspot\bin;C:\Python314\Scripts\;C:\Python314\;C:\WINDOWS\system32;C:\WINDOWS;C:\WINDOWS\System32\Wbem;C:\WINDOWS\System32\WindowsPowerShell\v1.0\;C:\WINDOWS\System32\OpenSSH\;C:\ProgramData\chocolatey\bin;C:\Program Files\Git\;C:\Users\opdli\AppData\Local\Google\Cloud SDK\google-cloud-sdk\bin;C:\Users\opdli\AppData\Local\Programs\Kiro\bin;C:\Users\opdli\AppData\Local\nvm;C:\ProgramFiles\nodejs;C:\Users\opdli\AppData\Roaming\npm;c:\Users\opdli\.windsurf\extensions\vscjava.vscode-java-debug-0.59.0-universal\bundled\scripts\noConfigScripts
USERNAME=opdli
LANG=en_US.UTF-8
OS=Windows_NT
PROCESSOR_IDENTIFIER=Intel64 Family 6 Model 142 Stepping 10, GenuineIntel
TMP=C:\Users\opdli\AppData\Local\Temp
TEMP=C:\Users\opdli\AppData\Local\Temp




Periodic native trim disabled

---------------  S Y S T E M  ---------------

OS:
 Windows 11 , 64 bit Build 26100 (10.0.26100.7705)
OS uptime: 0 days 2:30 hours
Hyper-V role detected

CPU: total 8 (initial active 8) (4 cores per cpu, 2 threads per core) family 6 model 142 stepping 10 microcode 0xf4, cx8, cmov, fxsr, ht, mmx, 3dnowpref, sse, sse2, sse3, ssse3, sse4.1, sse4.2, popcnt, lzcnt, tsc, tscinvbit, avx, avx2, aes, erms, clmul, bmi1, bmi2, adx, fma, vzeroupper, clflush, clflushopt, hv, rdtscp, f16c
Processor Information for the first 8 processors :
  Max Mhz: 1800, Current Mhz: 1600, Mhz Limit: 1584

Memory: 4k page, system-wide physical 16242M (381M free)
TotalPageFile size 46576M (AvailPageFile size 2M)
current process WorkingSet (physical memory assigned to process): 568M, peak: 673M
current process commit charge ("private bytes"): 1189M, peak: 1313M

vm_info: OpenJDK 64-Bit Server VM (21.0.9+10-LTS) for windows-amd64 JRE (21.0.9+10-LTS), built on 2025-10-21T00:00:00Z by "admin" with unknown MS VC++:1942

END.
